label,path,split
Amarelo,../MINDS_tensors_32/Amarelo/03AmareloSinalizador07-3.pt,train
Amarelo,../MINDS_tensors_32/Amarelo/03AmareloSinalizador07-1.pt,train
Amarelo,../MINDS_tensors_32/Amarelo/03AmareloSinalizador07-4.pt,train
Amarelo,../MINDS_tensors_32/Amarelo/03AmareloSinalizador11-3.pt,train
Amarelo,../MINDS_tensors_32/Amarelo/03AmareloSinalizador11-1.pt,train
Amarelo,../MINDS_tensors_32/Amarelo/03AmareloSinalizador11-4.pt,train
Amarelo,../MINDS_tensors_32/Amarelo/03AmareloSinalizador04-3.pt,train
Amarelo,../MINDS_tensors_32/Amarelo/03AmareloSinalizador04-1.pt,train
Amarelo,../MINDS_tensors_32/Amarelo/03AmareloSinalizador04-4.pt,train
Amarelo,../MINDS_tensors_32/Amarelo/03AmareloSinalizador02-3.pt,train
Amarelo,../MINDS_tensors_32/Amarelo/03AmareloSinalizador02-1.pt,train
Amarelo,../MINDS_tensors_32/Amarelo/03AmareloSinalizador02-4.pt,train
Amarelo,../MINDS_tensors_32/Amarelo/03AmareloSinalizador10-3.pt,train
Amarelo,../MINDS_tensors_32/Amarelo/03AmareloSinalizador10-1.pt,train
Amarelo,../MINDS_tensors_32/Amarelo/03AmareloSinalizador10-4.pt,train
Amarelo,../MINDS_tensors_32/Amarelo/03AmareloSinalizador08-3.pt,train
Amarelo,../MINDS_tensors_32/Amarelo/03AmareloSinalizador08-1.pt,train
Amarelo,../MINDS_tensors_32/Amarelo/03AmareloSinalizador08-4.pt,train
Amarelo,../MINDS_tensors_32/Amarelo/03AmareloSinalizador12-3.pt,train
Amarelo,../MINDS_tensors_32/Amarelo/03AmareloSinalizador12-1.pt,train
Amarelo,../MINDS_tensors_32/Amarelo/03AmareloSinalizador12-4.pt,train
Amarelo,../MINDS_tensors_32/Amarelo/03AmareloSinalizador06-3.pt,train
Amarelo,../MINDS_tensors_32/Amarelo/03AmareloSinalizador06-1.pt,train
Amarelo,../MINDS_tensors_32/Amarelo/03AmareloSinalizador06-4.pt,train
Amarelo,../MINDS_tensors_32/Amarelo/03AmareloSinalizador03-3.pt,train
Amarelo,../MINDS_tensors_32/Amarelo/03AmareloSinalizador03-1.pt,train
Amarelo,../MINDS_tensors_32/Amarelo/03AmareloSinalizador03-4.pt,train
Amarelo,../MINDS_tensors_32/Amarelo/03AmareloSinalizador05-3.pt,train
Amarelo,../MINDS_tensors_32/Amarelo/03AmareloSinalizador05-1.pt,train
Amarelo,../MINDS_tensors_32/Amarelo/03AmareloSinalizador05-4.pt,train
Amarelo,../MINDS_tensors_32/Amarelo/03AmareloSinalizador01-3.pt,train
Amarelo,../MINDS_tensors_32/Amarelo/03AmareloSinalizador01-1.pt,train
Amarelo,../MINDS_tensors_32/Amarelo/03AmareloSinalizador01-4.pt,train
Vontade,../MINDS_tensors_32/Vontade/20VontadeSinalizador02-3.pt,train
Vontade,../MINDS_tensors_32/Vontade/20VontadeSinalizador02-1.pt,train
Vontade,../MINDS_tensors_32/Vontade/20VontadeSinalizador02-4.pt,train
Vontade,../MINDS_tensors_32/Vontade/20VontadeSinalizador08-3.pt,train
Vontade,../MINDS_tensors_32/Vontade/20VontadeSinalizador08-1.pt,train
Vontade,../MINDS_tensors_32/Vontade/20VontadeSinalizador08-4.pt,train
Vontade,../MINDS_tensors_32/Vontade/20VontadeSinalizador03-3.pt,train
Vontade,../MINDS_tensors_32/Vontade/20VontadeSinalizador03-1.pt,train
Vontade,../MINDS_tensors_32/Vontade/20VontadeSinalizador03-4.pt,train
Vontade,../MINDS_tensors_32/Vontade/20VontadeSinalizador10-3.pt,train
Vontade,../MINDS_tensors_32/Vontade/20VontadeSinalizador10-1.pt,train
Vontade,../MINDS_tensors_32/Vontade/20VontadeSinalizador10-4.pt,train
Vontade,../MINDS_tensors_32/Vontade/20VontadeSinalizador05-3.pt,train
Vontade,../MINDS_tensors_32/Vontade/20VontadeSinalizador05-1.pt,train
Vontade,../MINDS_tensors_32/Vontade/20VontadeSinalizador05-4.pt,train
Vontade,../MINDS_tensors_32/Vontade/20VontadeSinalizador12-3.pt,train
Vontade,../MINDS_tensors_32/Vontade/20VontadeSinalizador12-1.pt,train
Vontade,../MINDS_tensors_32/Vontade/20VontadeSinalizador12-4.pt,train
Vontade,../MINDS_tensors_32/Vontade/20VontadeSinalizador07-3.pt,train
Vontade,../MINDS_tensors_32/Vontade/20VontadeSinalizador07-1.pt,train
Vontade,../MINDS_tensors_32/Vontade/20VontadeSinalizador07-4.pt,train
Vontade,../MINDS_tensors_32/Vontade/20VontadeSinalizador11-3.pt,train
Vontade,../MINDS_tensors_32/Vontade/20VontadeSinalizador11-1.pt,train
Vontade,../MINDS_tensors_32/Vontade/20VontadeSinalizador11-4.pt,train
Vontade,../MINDS_tensors_32/Vontade/20VontadeSinalizador09-3.pt,train
Vontade,../MINDS_tensors_32/Vontade/20VontadeSinalizador09-1.pt,train
Vontade,../MINDS_tensors_32/Vontade/20VontadeSinalizador09-4.pt,train
Vontade,../MINDS_tensors_32/Vontade/20VontadeSinalizador04-3.pt,train
Vontade,../MINDS_tensors_32/Vontade/20VontadeSinalizador04-1.pt,train
Vontade,../MINDS_tensors_32/Vontade/20VontadeSinalizador04-4.pt,train
Vontade,../MINDS_tensors_32/Vontade/20VontadeSinalizador06-3.pt,train
Vontade,../MINDS_tensors_32/Vontade/20VontadeSinalizador06-1.pt,train
Vontade,../MINDS_tensors_32/Vontade/20VontadeSinalizador06-4.pt,train
Vontade,../MINDS_tensors_32/Vontade/20VontadeSinalizador01-3.pt,train
Vontade,../MINDS_tensors_32/Vontade/20VontadeSinalizador01-1.pt,train
Vontade,../MINDS_tensors_32/Vontade/20VontadeSinalizador01-4.pt,train
Vacina,../MINDS_tensors_32/Vacina/19VacinaSinalizador11-3.pt,train
Vacina,../MINDS_tensors_32/Vacina/19VacinaSinalizador11-1.pt,train
Vacina,../MINDS_tensors_32/Vacina/19VacinaSinalizador11-4.pt,train
Vacina,../MINDS_tensors_32/Vacina/19VacinaSinalizador04-3.pt,train
Vacina,../MINDS_tensors_32/Vacina/19VacinaSinalizador04-1.pt,train
Vacina,../MINDS_tensors_32/Vacina/19VacinaSinalizador04-4.pt,train
Vacina,../MINDS_tensors_32/Vacina/19VacinaSinalizador01-3.pt,train
Vacina,../MINDS_tensors_32/Vacina/19VacinaSinalizador01-1.pt,train
Vacina,../MINDS_tensors_32/Vacina/19VacinaSinalizador01-4.pt,train
Vacina,../MINDS_tensors_32/Vacina/19VacinaSinalizador07-3.pt,train
Vacina,../MINDS_tensors_32/Vacina/19VacinaSinalizador07-1.pt,train
Vacina,../MINDS_tensors_32/Vacina/19VacinaSinalizador07-4.pt,train
Vacina,../MINDS_tensors_32/Vacina/19VacinaSinalizador02-3.pt,train
Vacina,../MINDS_tensors_32/Vacina/19VacinaSinalizador02-1.pt,train
Vacina,../MINDS_tensors_32/Vacina/19VacinaSinalizador02-4.pt,train
Vacina,../MINDS_tensors_32/Vacina/19VacinaSinalizador05-3.pt,train
Vacina,../MINDS_tensors_32/Vacina/19VacinaSinalizador05-1.pt,train
Vacina,../MINDS_tensors_32/Vacina/19VacinaSinalizador05-4.pt,train
Vacina,../MINDS_tensors_32/Vacina/19VacinaSinalizador10-3.pt,train
Vacina,../MINDS_tensors_32/Vacina/19VacinaSinalizador10-1.pt,train
Vacina,../MINDS_tensors_32/Vacina/19VacinaSinalizador10-4.pt,train
Vacina,../MINDS_tensors_32/Vacina/19VacinaSinalizador09-3.pt,train
Vacina,../MINDS_tensors_32/Vacina/19VacinaSinalizador09-1.pt,train
Vacina,../MINDS_tensors_32/Vacina/19VacinaSinalizador09-4.pt,train
Vacina,../MINDS_tensors_32/Vacina/19VacinaSinalizador03-3.pt,train
Vacina,../MINDS_tensors_32/Vacina/19VacinaSinalizador03-1.pt,train
Vacina,../MINDS_tensors_32/Vacina/19VacinaSinalizador03-4.pt,train
Vacina,../MINDS_tensors_32/Vacina/19VacinaSinalizador08-3.pt,train
Vacina,../MINDS_tensors_32/Vacina/19VacinaSinalizador08-1.pt,train
Vacina,../MINDS_tensors_32/Vacina/19VacinaSinalizador08-4.pt,train
Vacina,../MINDS_tensors_32/Vacina/19VacinaSinalizador12-3.pt,train
Vacina,../MINDS_tensors_32/Vacina/19VacinaSinalizador12-1.pt,train
Vacina,../MINDS_tensors_32/Vacina/19VacinaSinalizador12-4.pt,train
Vacina,../MINDS_tensors_32/Vacina/19VacinaSinalizador06-3.pt,train
Vacina,../MINDS_tensors_32/Vacina/19VacinaSinalizador06-1.pt,train
Vacina,../MINDS_tensors_32/Vacina/19VacinaSinalizador06-4.pt,train
Conhecer,../MINDS_tensors_32/Conhecer/11ConhecerSinalizador04-3.pt,train
Conhecer,../MINDS_tensors_32/Conhecer/11ConhecerSinalizador04-1.pt,train
Conhecer,../MINDS_tensors_32/Conhecer/11ConhecerSinalizador04-4.pt,train
Conhecer,../MINDS_tensors_32/Conhecer/11ConhecerSinalizador12-3.pt,train
Conhecer,../MINDS_tensors_32/Conhecer/11ConhecerSinalizador12-1.pt,train
Conhecer,../MINDS_tensors_32/Conhecer/11ConhecerSinalizador12-4.pt,train
Conhecer,../MINDS_tensors_32/Conhecer/11ConhecerSinalizador03-3.pt,train
Conhecer,../MINDS_tensors_32/Conhecer/11ConhecerSinalizador03-1.pt,train
Conhecer,../MINDS_tensors_32/Conhecer/11ConhecerSinalizador03-4.pt,train
Conhecer,../MINDS_tensors_32/Conhecer/11ConhecerSinalizador02-3.pt,train
Conhecer,../MINDS_tensors_32/Conhecer/11ConhecerSinalizador02-1.pt,train
Conhecer,../MINDS_tensors_32/Conhecer/11ConhecerSinalizador02-4.pt,train
Conhecer,../MINDS_tensors_32/Conhecer/11ConhecerSinalizador06-3.pt,train
Conhecer,../MINDS_tensors_32/Conhecer/11ConhecerSinalizador06-1.pt,train
Conhecer,../MINDS_tensors_32/Conhecer/11ConhecerSinalizador06-4.pt,train
Conhecer,../MINDS_tensors_32/Conhecer/11ConhecerSinalizador01-3.pt,train
Conhecer,../MINDS_tensors_32/Conhecer/11ConhecerSinalizador01-1.pt,train
Conhecer,../MINDS_tensors_32/Conhecer/11ConhecerSinalizador01-4.pt,train
Conhecer,../MINDS_tensors_32/Conhecer/11ConhecerSinalizador05-3.pt,train
Conhecer,../MINDS_tensors_32/Conhecer/11ConhecerSinalizador05-1.pt,train
Conhecer,../MINDS_tensors_32/Conhecer/11ConhecerSinalizador05-4.pt,train
Conhecer,../MINDS_tensors_32/Conhecer/11ConhecerSinalizador11-3.pt,train
Conhecer,../MINDS_tensors_32/Conhecer/11ConhecerSinalizador11-1.pt,train
Conhecer,../MINDS_tensors_32/Conhecer/11ConhecerSinalizador11-4.pt,train
Conhecer,../MINDS_tensors_32/Conhecer/11ConhecerSinalizador10-3.pt,train
Conhecer,../MINDS_tensors_32/Conhecer/11ConhecerSinalizador10-1.pt,train
Conhecer,../MINDS_tensors_32/Conhecer/11ConhecerSinalizador10-4.pt,train
Conhecer,../MINDS_tensors_32/Conhecer/11ConhecerSinalizador07-3.pt,train
Conhecer,../MINDS_tensors_32/Conhecer/11ConhecerSinalizador07-1.pt,train
Conhecer,../MINDS_tensors_32/Conhecer/11ConhecerSinalizador07-4.pt,train
Conhecer,../MINDS_tensors_32/Conhecer/11ConhecerSinalizador08-3.pt,train
Conhecer,../MINDS_tensors_32/Conhecer/11ConhecerSinalizador08-1.pt,train
Conhecer,../MINDS_tensors_32/Conhecer/11ConhecerSinalizador08-4.pt,train
Maca,../MINDS_tensors_32/Maca/15MacaSinalizador01-3.pt,train
Maca,../MINDS_tensors_32/Maca/15MacaSinalizador01-1.pt,train
Maca,../MINDS_tensors_32/Maca/15MacaSinalizador01-4.pt,train
Maca,../MINDS_tensors_32/Maca/15MacaSinalizador03-3.pt,train
Maca,../MINDS_tensors_32/Maca/15MacaSinalizador03-1.pt,train
Maca,../MINDS_tensors_32/Maca/15MacaSinalizador03-4.pt,train
Maca,../MINDS_tensors_32/Maca/15MacaSinalizador10-3.pt,train
Maca,../MINDS_tensors_32/Maca/15MacaSinalizador10-1.pt,train
Maca,../MINDS_tensors_32/Maca/15MacaSinalizador10-4.pt,train
Maca,../MINDS_tensors_32/Maca/15MacaSinalizador02-3.pt,train
Maca,../MINDS_tensors_32/Maca/15MacaSinalizador02-1.pt,train
Maca,../MINDS_tensors_32/Maca/15MacaSinalizador02-4.pt,train
Maca,../MINDS_tensors_32/Maca/15MacaSinalizador06-3.pt,train
Maca,../MINDS_tensors_32/Maca/15MacaSinalizador06-1.pt,train
Maca,../MINDS_tensors_32/Maca/15MacaSinalizador06-4.pt,train
Maca,../MINDS_tensors_32/Maca/15MacaSinalizador04-3.pt,train
Maca,../MINDS_tensors_32/Maca/15MacaSinalizador04-1.pt,train
Maca,../MINDS_tensors_32/Maca/15MacaSinalizador04-4.pt,train
Maca,../MINDS_tensors_32/Maca/15MacaSinalizador12-3.pt,train
Maca,../MINDS_tensors_32/Maca/15MacaSinalizador12-1.pt,train
Maca,../MINDS_tensors_32/Maca/15MacaSinalizador12-4.pt,train
Maca,../MINDS_tensors_32/Maca/15MacaSinalizador05-3.pt,train
Maca,../MINDS_tensors_32/Maca/15MacaSinalizador05-1.pt,train
Maca,../MINDS_tensors_32/Maca/15MacaSinalizador05-4.pt,train
Maca,../MINDS_tensors_32/Maca/15MacaSinalizador11-3.pt,train
Maca,../MINDS_tensors_32/Maca/15MacaSinalizador11-1.pt,train
Maca,../MINDS_tensors_32/Maca/15MacaSinalizador11-4.pt,train
Maca,../MINDS_tensors_32/Maca/15MacaSinalizador08-3.pt,train
Maca,../MINDS_tensors_32/Maca/15MacaSinalizador08-1.pt,train
Maca,../MINDS_tensors_32/Maca/15MacaSinalizador08-4.pt,train
Maca,../MINDS_tensors_32/Maca/15MacaSinalizador07-3.pt,train
Maca,../MINDS_tensors_32/Maca/15MacaSinalizador07-1.pt,train
Maca,../MINDS_tensors_32/Maca/15MacaSinalizador07-4.pt,train
Maca,../MINDS_tensors_32/Maca/15MacaSinalizador09-3.pt,train
Maca,../MINDS_tensors_32/Maca/15MacaSinalizador09-1.pt,train
Maca,../MINDS_tensors_32/Maca/15MacaSinalizador09-4.pt,train
Espelho,../MINDS_tensors_32/Espelho/12EspelhoSinalizador10-3.pt,train
Espelho,../MINDS_tensors_32/Espelho/12EspelhoSinalizador10-1.pt,train
Espelho,../MINDS_tensors_32/Espelho/12EspelhoSinalizador10-4.pt,train
Espelho,../MINDS_tensors_32/Espelho/12EspelhoSinalizador07-3.pt,train
Espelho,../MINDS_tensors_32/Espelho/12EspelhoSinalizador07-1.pt,train
Espelho,../MINDS_tensors_32/Espelho/12EspelhoSinalizador07-4.pt,train
Espelho,../MINDS_tensors_32/Espelho/12EspelhoSinalizador01-3.pt,train
Espelho,../MINDS_tensors_32/Espelho/12EspelhoSinalizador01-1.pt,train
Espelho,../MINDS_tensors_32/Espelho/12EspelhoSinalizador01-4.pt,train
Espelho,../MINDS_tensors_32/Espelho/12EspelhoSinalizador08-3.pt,train
Espelho,../MINDS_tensors_32/Espelho/12EspelhoSinalizador08-1.pt,train
Espelho,../MINDS_tensors_32/Espelho/12EspelhoSinalizador08-4.pt,train
Espelho,../MINDS_tensors_32/Espelho/12EspelhoSinalizador03-3.pt,train
Espelho,../MINDS_tensors_32/Espelho/12EspelhoSinalizador03-1.pt,train
Espelho,../MINDS_tensors_32/Espelho/12EspelhoSinalizador03-4.pt,train
Espelho,../MINDS_tensors_32/Espelho/12EspelhoSinalizador09-3.pt,train
Espelho,../MINDS_tensors_32/Espelho/12EspelhoSinalizador09-1.pt,train
Espelho,../MINDS_tensors_32/Espelho/12EspelhoSinalizador09-4.pt,train
Espelho,../MINDS_tensors_32/Espelho/12EspelhoSinalizador12-3.pt,train
Espelho,../MINDS_tensors_32/Espelho/12EspelhoSinalizador12-1.pt,train
Espelho,../MINDS_tensors_32/Espelho/12EspelhoSinalizador12-4.pt,train
Espelho,../MINDS_tensors_32/Espelho/12EspelhoSinalizador11-3.pt,train
Espelho,../MINDS_tensors_32/Espelho/12EspelhoSinalizador11-1.pt,train
Espelho,../MINDS_tensors_32/Espelho/12EspelhoSinalizador11-4.pt,train
Espelho,../MINDS_tensors_32/Espelho/12EspelhoSinalizador04-3.pt,train
Espelho,../MINDS_tensors_32/Espelho/12EspelhoSinalizador04-1.pt,train
Espelho,../MINDS_tensors_32/Espelho/12EspelhoSinalizador04-4.pt,train
Espelho,../MINDS_tensors_32/Espelho/12EspelhoSinalizador06-3.pt,train
Espelho,../MINDS_tensors_32/Espelho/12EspelhoSinalizador06-1.pt,train
Espelho,../MINDS_tensors_32/Espelho/12EspelhoSinalizador06-4.pt,train
Espelho,../MINDS_tensors_32/Espelho/12EspelhoSinalizador02-3.pt,train
Espelho,../MINDS_tensors_32/Espelho/12EspelhoSinalizador02-1.pt,train
Espelho,../MINDS_tensors_32/Espelho/12EspelhoSinalizador02-4.pt,train
Espelho,../MINDS_tensors_32/Espelho/12EspelhoSinalizador05-3.pt,train
Espelho,../MINDS_tensors_32/Espelho/12EspelhoSinalizador05-1.pt,train
Espelho,../MINDS_tensors_32/Espelho/12EspelhoSinalizador05-4.pt,train
Banheiro,../MINDS_tensors_32/Banheiro/08BanheiroSinalizador02-3.pt,train
Banheiro,../MINDS_tensors_32/Banheiro/08BanheiroSinalizador02-1.pt,train
Banheiro,../MINDS_tensors_32/Banheiro/08BanheiroSinalizador02-4.pt,train
Banheiro,../MINDS_tensors_32/Banheiro/08BanheiroSinalizador03-3.pt,train
Banheiro,../MINDS_tensors_32/Banheiro/08BanheiroSinalizador03-1.pt,train
Banheiro,../MINDS_tensors_32/Banheiro/08BanheiroSinalizador03-4.pt,train
Banheiro,../MINDS_tensors_32/Banheiro/08BanheiroSinalizador06-3.pt,train
Banheiro,../MINDS_tensors_32/Banheiro/08BanheiroSinalizador06-1.pt,train
Banheiro,../MINDS_tensors_32/Banheiro/08BanheiroSinalizador06-4.pt,train
Banheiro,../MINDS_tensors_32/Banheiro/08BanheiroSinalizador11-3.pt,train
Banheiro,../MINDS_tensors_32/Banheiro/08BanheiroSinalizador11-1.pt,train
Banheiro,../MINDS_tensors_32/Banheiro/08BanheiroSinalizador11-4.pt,train
Banheiro,../MINDS_tensors_32/Banheiro/08BanheiroSinalizador12-3.pt,train
Banheiro,../MINDS_tensors_32/Banheiro/08BanheiroSinalizador12-1.pt,train
Banheiro,../MINDS_tensors_32/Banheiro/08BanheiroSinalizador12-4.pt,train
Banheiro,../MINDS_tensors_32/Banheiro/08BanheiroSinalizador07-3.pt,train
Banheiro,../MINDS_tensors_32/Banheiro/08BanheiroSinalizador07-1.pt,train
Banheiro,../MINDS_tensors_32/Banheiro/08BanheiroSinalizador07-4.pt,train
Banheiro,../MINDS_tensors_32/Banheiro/08BanheiroSinalizador05-3.pt,train
Banheiro,../MINDS_tensors_32/Banheiro/08BanheiroSinalizador05-1.pt,train
Banheiro,../MINDS_tensors_32/Banheiro/08BanheiroSinalizador05-4.pt,train
Banheiro,../MINDS_tensors_32/Banheiro/08BanheiroSinalizador01-3.pt,train
Banheiro,../MINDS_tensors_32/Banheiro/08BanheiroSinalizador01-1.pt,train
Banheiro,../MINDS_tensors_32/Banheiro/08BanheiroSinalizador01-4.pt,train
Banheiro,../MINDS_tensors_32/Banheiro/08BanheiroSinalizador04-3.pt,train
Banheiro,../MINDS_tensors_32/Banheiro/08BanheiroSinalizador04-1.pt,train
Banheiro,../MINDS_tensors_32/Banheiro/08BanheiroSinalizador04-4.pt,train
Banheiro,../MINDS_tensors_32/Banheiro/08BanheiroSinalizador08-3.pt,train
Banheiro,../MINDS_tensors_32/Banheiro/08BanheiroSinalizador08-1.pt,train
Banheiro,../MINDS_tensors_32/Banheiro/08BanheiroSinalizador08-4.pt,train
Banheiro,../MINDS_tensors_32/Banheiro/08BanheiroSinalizador10-3.pt,train
Banheiro,../MINDS_tensors_32/Banheiro/08BanheiroSinalizador10-1.pt,train
Banheiro,../MINDS_tensors_32/Banheiro/08BanheiroSinalizador10-4.pt,train
Filho,../MINDS_tensors_32/Filho/14FilhoSinalizador01-3.pt,train
Filho,../MINDS_tensors_32/Filho/14FilhoSinalizador01-1.pt,train
Filho,../MINDS_tensors_32/Filho/14FilhoSinalizador01-4.pt,train
Filho,../MINDS_tensors_32/Filho/14FilhoSinalizador02-3.pt,train
Filho,../MINDS_tensors_32/Filho/14FilhoSinalizador02-1.pt,train
Filho,../MINDS_tensors_32/Filho/14FilhoSinalizador02-4.pt,train
Filho,../MINDS_tensors_32/Filho/14FilhoSinalizador05-3.pt,train
Filho,../MINDS_tensors_32/Filho/14FilhoSinalizador05-1.pt,train
Filho,../MINDS_tensors_32/Filho/14FilhoSinalizador05-4.pt,train
Filho,../MINDS_tensors_32/Filho/14FilhoSinalizador03-3.pt,train
Filho,../MINDS_tensors_32/Filho/14FilhoSinalizador03-1.pt,train
Filho,../MINDS_tensors_32/Filho/14FilhoSinalizador03-4.pt,train
Filho,../MINDS_tensors_32/Filho/14FilhoSinalizador09-3.pt,train
Filho,../MINDS_tensors_32/Filho/14FilhoSinalizador09-1.pt,train
Filho,../MINDS_tensors_32/Filho/14FilhoSinalizador09-4.pt,train
Filho,../MINDS_tensors_32/Filho/14FilhoSinalizador10-3.pt,train
Filho,../MINDS_tensors_32/Filho/14FilhoSinalizador10-1.pt,train
Filho,../MINDS_tensors_32/Filho/14FilhoSinalizador10-4.pt,train
Filho,../MINDS_tensors_32/Filho/14FilhoSinalizador08-3.pt,train
Filho,../MINDS_tensors_32/Filho/14FilhoSinalizador08-1.pt,train
Filho,../MINDS_tensors_32/Filho/14FilhoSinalizador08-4.pt,train
Filho,../MINDS_tensors_32/Filho/14FilhoSinalizador11-3.pt,train
Filho,../MINDS_tensors_32/Filho/14FilhoSinalizador11-1.pt,train
Filho,../MINDS_tensors_32/Filho/14FilhoSinalizador11-4.pt,train
Filho,../MINDS_tensors_32/Filho/14FilhoSinalizador07-6.pt,train
Filho,../MINDS_tensors_32/Filho/14FilhoSinalizador07-3.pt,train
Filho,../MINDS_tensors_32/Filho/14FilhoSinalizador07-5.pt,train
Filho,../MINDS_tensors_32/Filho/14FilhoSinalizador07-4.pt,train
Filho,../MINDS_tensors_32/Filho/14FilhoSinalizador06-3.pt,train
Filho,../MINDS_tensors_32/Filho/14FilhoSinalizador06-1.pt,train
Filho,../MINDS_tensors_32/Filho/14FilhoSinalizador06-4.pt,train
Filho,../MINDS_tensors_32/Filho/14FilhoSinalizador12-3.pt,train
Filho,../MINDS_tensors_32/Filho/14FilhoSinalizador12-1.pt,train
Filho,../MINDS_tensors_32/Filho/14FilhoSinalizador12-4.pt,train
Aproveitar,../MINDS_tensors_32/Aproveitar/05AproveitarSinalizador10-3.pt,train
Aproveitar,../MINDS_tensors_32/Aproveitar/05AproveitarSinalizador10-1.pt,train
Aproveitar,../MINDS_tensors_32/Aproveitar/05AproveitarSinalizador10-4.pt,train
Aproveitar,../MINDS_tensors_32/Aproveitar/05AproveitarSinalizador04-3.pt,train
Aproveitar,../MINDS_tensors_32/Aproveitar/05AproveitarSinalizador04-1.pt,train
Aproveitar,../MINDS_tensors_32/Aproveitar/05AproveitarSinalizador04-4.pt,train
Aproveitar,../MINDS_tensors_32/Aproveitar/05AproveitarSinalizador08-3.pt,train
Aproveitar,../MINDS_tensors_32/Aproveitar/05AproveitarSinalizador08-1.pt,train
Aproveitar,../MINDS_tensors_32/Aproveitar/05AproveitarSinalizador08-4.pt,train
Aproveitar,../MINDS_tensors_32/Aproveitar/05AproveitarSinalizador09-3.pt,train
Aproveitar,../MINDS_tensors_32/Aproveitar/05AproveitarSinalizador09-1.pt,train
Aproveitar,../MINDS_tensors_32/Aproveitar/05AproveitarSinalizador09-4.pt,train
Aproveitar,../MINDS_tensors_32/Aproveitar/05AproveitarSinalizador02-3.pt,train
Aproveitar,../MINDS_tensors_32/Aproveitar/05AproveitarSinalizador02-1.pt,train
Aproveitar,../MINDS_tensors_32/Aproveitar/05AproveitarSinalizador02-4.pt,train
Aproveitar,../MINDS_tensors_32/Aproveitar/05AproveitarSinalizador06-3.pt,train
Aproveitar,../MINDS_tensors_32/Aproveitar/05AproveitarSinalizador06-1.pt,train
Aproveitar,../MINDS_tensors_32/Aproveitar/05AproveitarSinalizador06-4.pt,train
Aproveitar,../MINDS_tensors_32/Aproveitar/05AproveitarSinalizador01-3.pt,train
Aproveitar,../MINDS_tensors_32/Aproveitar/05AproveitarSinalizador01-1.pt,train
Aproveitar,../MINDS_tensors_32/Aproveitar/05AproveitarSinalizador01-4.pt,train
Aproveitar,../MINDS_tensors_32/Aproveitar/05AproveitarSinalizador12-3.pt,train
Aproveitar,../MINDS_tensors_32/Aproveitar/05AproveitarSinalizador12-1.pt,train
Aproveitar,../MINDS_tensors_32/Aproveitar/05AproveitarSinalizador12-4.pt,train
Aproveitar,../MINDS_tensors_32/Aproveitar/05AproveitarSinalizador03-3.pt,train
Aproveitar,../MINDS_tensors_32/Aproveitar/05AproveitarSinalizador03-1.pt,train
Aproveitar,../MINDS_tensors_32/Aproveitar/05AproveitarSinalizador03-4.pt,train
Aproveitar,../MINDS_tensors_32/Aproveitar/05AproveitarSinalizador07-3.pt,train
Aproveitar,../MINDS_tensors_32/Aproveitar/05AproveitarSinalizador07-1.pt,train
Aproveitar,../MINDS_tensors_32/Aproveitar/05AproveitarSinalizador07-4.pt,train
Aproveitar,../MINDS_tensors_32/Aproveitar/05AproveitarSinalizador05-3.pt,train
Aproveitar,../MINDS_tensors_32/Aproveitar/05AproveitarSinalizador05-1.pt,train
Aproveitar,../MINDS_tensors_32/Aproveitar/05AproveitarSinalizador05-4.pt,train
Aproveitar,../MINDS_tensors_32/Aproveitar/05AproveitarSinalizador11-3.pt,train
Aproveitar,../MINDS_tensors_32/Aproveitar/05AproveitarSinalizador11-1.pt,train
Aproveitar,../MINDS_tensors_32/Aproveitar/05AproveitarSinalizador11-4.pt,train
Cinco,../MINDS_tensors_32/Cinco/10CincoSinalizador04-3.pt,train
Cinco,../MINDS_tensors_32/Cinco/10CincoSinalizador04-1.pt,train
Cinco,../MINDS_tensors_32/Cinco/10CincoSinalizador04-4.pt,train
Cinco,../MINDS_tensors_32/Cinco/10CincoSinalizador05-3.pt,train
Cinco,../MINDS_tensors_32/Cinco/10CincoSinalizador05-1.pt,train
Cinco,../MINDS_tensors_32/Cinco/10CincoSinalizador05-4.pt,train
Cinco,../MINDS_tensors_32/Cinco/10CincoSinalizador02-3.pt,train
Cinco,../MINDS_tensors_32/Cinco/10CincoSinalizador02-1.pt,train
Cinco,../MINDS_tensors_32/Cinco/10CincoSinalizador02-4.pt,train
Cinco,../MINDS_tensors_32/Cinco/10CincoSinalizador12-3.pt,train
Cinco,../MINDS_tensors_32/Cinco/10CincoSinalizador12-1.pt,train
Cinco,../MINDS_tensors_32/Cinco/10CincoSinalizador12-4.pt,train
Cinco,../MINDS_tensors_32/Cinco/10CincoSinalizador09-3.pt,train
Cinco,../MINDS_tensors_32/Cinco/10CincoSinalizador09-1.pt,train
Cinco,../MINDS_tensors_32/Cinco/10CincoSinalizador09-4.pt,train
Cinco,../MINDS_tensors_32/Cinco/10CincoSinalizador07-3.pt,train
Cinco,../MINDS_tensors_32/Cinco/10CincoSinalizador07-1.pt,train
Cinco,../MINDS_tensors_32/Cinco/10CincoSinalizador07-4.pt,train
Cinco,../MINDS_tensors_32/Cinco/10CincoSinalizador10-3.pt,train
Cinco,../MINDS_tensors_32/Cinco/10CincoSinalizador10-1.pt,train
Cinco,../MINDS_tensors_32/Cinco/10CincoSinalizador10-4.pt,train
Cinco,../MINDS_tensors_32/Cinco/10CincoSinalizador08-3.pt,train
Cinco,../MINDS_tensors_32/Cinco/10CincoSinalizador08-1.pt,train
Cinco,../MINDS_tensors_32/Cinco/10CincoSinalizador08-4.pt,train
Cinco,../MINDS_tensors_32/Cinco/10CincoSinalizador11-3.pt,train
Cinco,../MINDS_tensors_32/Cinco/10CincoSinalizador11-1.pt,train
Cinco,../MINDS_tensors_32/Cinco/10CincoSinalizador11-4.pt,train
Cinco,../MINDS_tensors_32/Cinco/10CincoSinalizador06-3.pt,train
Cinco,../MINDS_tensors_32/Cinco/10CincoSinalizador06-1.pt,train
Cinco,../MINDS_tensors_32/Cinco/10CincoSinalizador06-4.pt,train
Cinco,../MINDS_tensors_32/Cinco/10CincoSinalizador01-3.pt,train
Cinco,../MINDS_tensors_32/Cinco/10CincoSinalizador01-1.pt,train
Cinco,../MINDS_tensors_32/Cinco/10CincoSinalizador01-4.pt,train
America,../MINDS_tensors_32/America/04AmericaSinalizador10-3.pt,train
America,../MINDS_tensors_32/America/04AmericaSinalizador10-1.pt,train
America,../MINDS_tensors_32/America/04AmericaSinalizador10-4.pt,train
America,../MINDS_tensors_32/America/04AmericaSinalizador08-3.pt,train
America,../MINDS_tensors_32/America/04AmericaSinalizador08-1.pt,train
America,../MINDS_tensors_32/America/04AmericaSinalizador08-4.pt,train
America,../MINDS_tensors_32/America/04AmericaSinalizador09-3.pt,train
America,../MINDS_tensors_32/America/04AmericaSinalizador09-1.pt,train
America,../MINDS_tensors_32/America/04AmericaSinalizador09-4.pt,train
America,../MINDS_tensors_32/America/04AmericaSinalizador02-3.pt,train
America,../MINDS_tensors_32/America/04AmericaSinalizador02-1.pt,train
America,../MINDS_tensors_32/America/04AmericaSinalizador02-4.pt,train
America,../MINDS_tensors_32/America/04AmericaSinalizador01-3.pt,train
America,../MINDS_tensors_32/America/04AmericaSinalizador01-1.pt,train
America,../MINDS_tensors_32/America/04AmericaSinalizador01-4.pt,train
America,../MINDS_tensors_32/America/04AmericaSinalizador06-3.pt,train
America,../MINDS_tensors_32/America/04AmericaSinalizador06-1.pt,train
America,../MINDS_tensors_32/America/04AmericaSinalizador06-4.pt,train
America,../MINDS_tensors_32/America/04AmericaSinalizador07-3.pt,train
America,../MINDS_tensors_32/America/04AmericaSinalizador07-1.pt,train
America,../MINDS_tensors_32/America/04AmericaSinalizador07-4.pt,train
America,../MINDS_tensors_32/America/04AmericaSinalizador12-3.pt,train
America,../MINDS_tensors_32/America/04AmericaSinalizador12-1.pt,train
America,../MINDS_tensors_32/America/04AmericaSinalizador12-4.pt,train
America,../MINDS_tensors_32/America/04AmericaSinalizador11-3.pt,train
America,../MINDS_tensors_32/America/04AmericaSinalizador11-1.pt,train
America,../MINDS_tensors_32/America/04AmericaSinalizador11-4.pt,train
America,../MINDS_tensors_32/America/04AmericaSinalizador05-3.pt,train
America,../MINDS_tensors_32/America/04AmericaSinalizador05-1.pt,train
America,../MINDS_tensors_32/America/04AmericaSinalizador05-4.pt,train
America,../MINDS_tensors_32/America/04AmericaSinalizador04-3.pt,train
America,../MINDS_tensors_32/America/04AmericaSinalizador04-1.pt,train
America,../MINDS_tensors_32/America/04AmericaSinalizador04-4.pt,train
Bala,../MINDS_tensors_32/Bala/06BalaSinalizador02-3.pt,train
Bala,../MINDS_tensors_32/Bala/06BalaSinalizador02-1.pt,train
Bala,../MINDS_tensors_32/Bala/06BalaSinalizador02-4.pt,train
Bala,../MINDS_tensors_32/Bala/06BalaSinalizador06-3.pt,train
Bala,../MINDS_tensors_32/Bala/06BalaSinalizador06-1.pt,train
Bala,../MINDS_tensors_32/Bala/06BalaSinalizador06-4.pt,train
Bala,../MINDS_tensors_32/Bala/06BalaSinalizador03-3.pt,train
Bala,../MINDS_tensors_32/Bala/06BalaSinalizador03-1.pt,train
Bala,../MINDS_tensors_32/Bala/06BalaSinalizador03-4.pt,train
Bala,../MINDS_tensors_32/Bala/06BalaSinalizador09-3.pt,train
Bala,../MINDS_tensors_32/Bala/06BalaSinalizador09-1.pt,train
Bala,../MINDS_tensors_32/Bala/06BalaSinalizador09-4.pt,train
Bala,../MINDS_tensors_32/Bala/06BalaSinalizador11-3.pt,train
Bala,../MINDS_tensors_32/Bala/06BalaSinalizador11-1.pt,train
Bala,../MINDS_tensors_32/Bala/06BalaSinalizador11-4.pt,train
Bala,../MINDS_tensors_32/Bala/06BalaSinalizador08-3.pt,train
Bala,../MINDS_tensors_32/Bala/06BalaSinalizador08-1.pt,train
Bala,../MINDS_tensors_32/Bala/06BalaSinalizador08-4.pt,train
Bala,../MINDS_tensors_32/Bala/06BalaSinalizador05-3.pt,train
Bala,../MINDS_tensors_32/Bala/06BalaSinalizador05-1.pt,train
Bala,../MINDS_tensors_32/Bala/06BalaSinalizador05-4.pt,train
Bala,../MINDS_tensors_32/Bala/06BalaSinalizador10-3.pt,train
Bala,../MINDS_tensors_32/Bala/06BalaSinalizador10-1.pt,train
Bala,../MINDS_tensors_32/Bala/06BalaSinalizador10-4.pt,train
Bala,../MINDS_tensors_32/Bala/06BalaSinalizador04-3.pt,train
Bala,../MINDS_tensors_32/Bala/06BalaSinalizador04-1.pt,train
Bala,../MINDS_tensors_32/Bala/06BalaSinalizador04-4.pt,train
Bala,../MINDS_tensors_32/Bala/06BalaSinalizador12-3.pt,train
Bala,../MINDS_tensors_32/Bala/06BalaSinalizador12-1.pt,train
Bala,../MINDS_tensors_32/Bala/06BalaSinalizador12-4.pt,train
Bala,../MINDS_tensors_32/Bala/06BalaSinalizador07-3.pt,train
Bala,../MINDS_tensors_32/Bala/06BalaSinalizador07-1.pt,train
Bala,../MINDS_tensors_32/Bala/06BalaSinalizador07-4.pt,train
Bala,../MINDS_tensors_32/Bala/06BalaSinalizador01-3.pt,train
Bala,../MINDS_tensors_32/Bala/06BalaSinalizador01-1.pt,train
Bala,../MINDS_tensors_32/Bala/06BalaSinalizador01-4.pt,train
Ruim,../MINDS_tensors_32/Ruim/17RuimSinalizador09-3.pt,train
Ruim,../MINDS_tensors_32/Ruim/17RuimSinalizador09-1.pt,train
Ruim,../MINDS_tensors_32/Ruim/17RuimSinalizador09-4.pt,train
Ruim,../MINDS_tensors_32/Ruim/17RuimSinalizador07-3.pt,train
Ruim,../MINDS_tensors_32/Ruim/17RuimSinalizador07-1.pt,train
Ruim,../MINDS_tensors_32/Ruim/17RuimSinalizador07-4.pt,train
Ruim,../MINDS_tensors_32/Ruim/17RuimSinalizador04-3.pt,train
Ruim,../MINDS_tensors_32/Ruim/17RuimSinalizador04-1.pt,train
Ruim,../MINDS_tensors_32/Ruim/17RuimSinalizador04-4.pt,train
Ruim,../MINDS_tensors_32/Ruim/17RuimSinalizador02-3.pt,train
Ruim,../MINDS_tensors_32/Ruim/17RuimSinalizador02-1.pt,train
Ruim,../MINDS_tensors_32/Ruim/17RuimSinalizador02-4.pt,train
Ruim,../MINDS_tensors_32/Ruim/17RuimSinalizador10-3.pt,train
Ruim,../MINDS_tensors_32/Ruim/17RuimSinalizador10-1.pt,train
Ruim,../MINDS_tensors_32/Ruim/17RuimSinalizador10-4.pt,train
Ruim,../MINDS_tensors_32/Ruim/17RuimSinalizador08-3.pt,train
Ruim,../MINDS_tensors_32/Ruim/17RuimSinalizador08-1.pt,train
Ruim,../MINDS_tensors_32/Ruim/17RuimSinalizador08-4.pt,train
Ruim,../MINDS_tensors_32/Ruim/17RuimSinalizador05-3.pt,train
Ruim,../MINDS_tensors_32/Ruim/17RuimSinalizador05-1.pt,train
Ruim,../MINDS_tensors_32/Ruim/17RuimSinalizador05-4.pt,train
Ruim,../MINDS_tensors_32/Ruim/17RuimSinalizador01-3.pt,train
Ruim,../MINDS_tensors_32/Ruim/17RuimSinalizador01-1.pt,train
Ruim,../MINDS_tensors_32/Ruim/17RuimSinalizador01-4.pt,train
Ruim,../MINDS_tensors_32/Ruim/17RuimSinalizador03-3.pt,train
Ruim,../MINDS_tensors_32/Ruim/17RuimSinalizador03-1.pt,train
Ruim,../MINDS_tensors_32/Ruim/17RuimSinalizador03-4.pt,train
Ruim,../MINDS_tensors_32/Ruim/17RuimSinalizador12-3.pt,train
Ruim,../MINDS_tensors_32/Ruim/17RuimSinalizador12-1.pt,train
Ruim,../MINDS_tensors_32/Ruim/17RuimSinalizador12-4.pt,train
Ruim,../MINDS_tensors_32/Ruim/17RuimSinalizador06-3.pt,train
Ruim,../MINDS_tensors_32/Ruim/17RuimSinalizador06-1.pt,train
Ruim,../MINDS_tensors_32/Ruim/17RuimSinalizador06-4.pt,train
Ruim,../MINDS_tensors_32/Ruim/17RuimSinalizador11-3.pt,train
Ruim,../MINDS_tensors_32/Ruim/17RuimSinalizador11-1.pt,train
Ruim,../MINDS_tensors_32/Ruim/17RuimSinalizador11-4.pt,train
Aluno,../MINDS_tensors_32/Aluno/02AlunoSinalizador08-3.pt,train
Aluno,../MINDS_tensors_32/Aluno/02AlunoSinalizador08-1.pt,train
Aluno,../MINDS_tensors_32/Aluno/02AlunoSinalizador08-4.pt,train
Aluno,../MINDS_tensors_32/Aluno/02AlunoSinalizador07-3.pt,train
Aluno,../MINDS_tensors_32/Aluno/02AlunoSinalizador07-1.pt,train
Aluno,../MINDS_tensors_32/Aluno/02AlunoSinalizador07-4.pt,train
Aluno,../MINDS_tensors_32/Aluno/02AlunoSinalizador11-3.pt,train
Aluno,../MINDS_tensors_32/Aluno/02AlunoSinalizador11-1.pt,train
Aluno,../MINDS_tensors_32/Aluno/02AlunoSinalizador11-4.pt,train
Aluno,../MINDS_tensors_32/Aluno/02AlunoSinalizador01-3.pt,train
Aluno,../MINDS_tensors_32/Aluno/02AlunoSinalizador01-1.pt,train
Aluno,../MINDS_tensors_32/Aluno/02AlunoSinalizador01-4.pt,train
Aluno,../MINDS_tensors_32/Aluno/02AlunoSinalizador06-3.pt,train
Aluno,../MINDS_tensors_32/Aluno/02AlunoSinalizador06-1.pt,train
Aluno,../MINDS_tensors_32/Aluno/02AlunoSinalizador06-4.pt,train
Aluno,../MINDS_tensors_32/Aluno/02AlunoSinalizador10-3.pt,train
Aluno,../MINDS_tensors_32/Aluno/02AlunoSinalizador10-1.pt,train
Aluno,../MINDS_tensors_32/Aluno/02AlunoSinalizador10-4.pt,train
Aluno,../MINDS_tensors_32/Aluno/02AlunoSinalizador04-3.pt,train
Aluno,../MINDS_tensors_32/Aluno/02AlunoSinalizador04-1.pt,train
Aluno,../MINDS_tensors_32/Aluno/02AlunoSinalizador04-4.pt,train
Aluno,../MINDS_tensors_32/Aluno/02AlunoSinalizador12-3.pt,train
Aluno,../MINDS_tensors_32/Aluno/02AlunoSinalizador12-1.pt,train
Aluno,../MINDS_tensors_32/Aluno/02AlunoSinalizador12-4.pt,train
Aluno,../MINDS_tensors_32/Aluno/02AlunoSinalizador05-3.pt,train
Aluno,../MINDS_tensors_32/Aluno/02AlunoSinalizador05-1.pt,train
Aluno,../MINDS_tensors_32/Aluno/02AlunoSinalizador05-4.pt,train
Aluno,../MINDS_tensors_32/Aluno/02AlunoSinalizador02-3.pt,train
Aluno,../MINDS_tensors_32/Aluno/02AlunoSinalizador02-1.pt,train
Aluno,../MINDS_tensors_32/Aluno/02AlunoSinalizador02-4.pt,train
Aluno,../MINDS_tensors_32/Aluno/02AlunoSinalizador09-3.pt,train
Aluno,../MINDS_tensors_32/Aluno/02AlunoSinalizador09-1.pt,train
Aluno,../MINDS_tensors_32/Aluno/02AlunoSinalizador09-4.pt,train
Banco,../MINDS_tensors_32/Banco/07BancoSinalizador01-3.pt,train
Banco,../MINDS_tensors_32/Banco/07BancoSinalizador01-1.pt,train
Banco,../MINDS_tensors_32/Banco/07BancoSinalizador01-4.pt,train
Banco,../MINDS_tensors_32/Banco/07BancoSinalizador07-3.pt,train
Banco,../MINDS_tensors_32/Banco/07BancoSinalizador07-1.pt,train
Banco,../MINDS_tensors_32/Banco/07BancoSinalizador07-4.pt,train
Banco,../MINDS_tensors_32/Banco/07BancoSinalizador10-3.pt,train
Banco,../MINDS_tensors_32/Banco/07BancoSinalizador10-1.pt,train
Banco,../MINDS_tensors_32/Banco/07BancoSinalizador10-4.pt,train
Banco,../MINDS_tensors_32/Banco/07BancoSinalizador06-3.pt,train
Banco,../MINDS_tensors_32/Banco/07BancoSinalizador06-1.pt,train
Banco,../MINDS_tensors_32/Banco/07BancoSinalizador06-4.pt,train
Banco,../MINDS_tensors_32/Banco/07BancoSinalizador05-3.pt,train
Banco,../MINDS_tensors_32/Banco/07BancoSinalizador05-1.pt,train
Banco,../MINDS_tensors_32/Banco/07BancoSinalizador05-4.pt,train
Banco,../MINDS_tensors_32/Banco/07BancoSinalizador04-3.pt,train
Banco,../MINDS_tensors_32/Banco/07BancoSinalizador04-1.pt,train
Banco,../MINDS_tensors_32/Banco/07BancoSinalizador04-4.pt,train
Banco,../MINDS_tensors_32/Banco/07BancoSinalizador02-3.pt,train
Banco,../MINDS_tensors_32/Banco/07BancoSinalizador02-1.pt,train
Banco,../MINDS_tensors_32/Banco/07BancoSinalizador02-4.pt,train
Banco,../MINDS_tensors_32/Banco/07BancoSinalizador12-3.pt,train
Banco,../MINDS_tensors_32/Banco/07BancoSinalizador12-1.pt,train
Banco,../MINDS_tensors_32/Banco/07BancoSinalizador12-4.pt,train
Banco,../MINDS_tensors_32/Banco/07BancoSinalizador03-3.pt,train
Banco,../MINDS_tensors_32/Banco/07BancoSinalizador03-1.pt,train
Banco,../MINDS_tensors_32/Banco/07BancoSinalizador03-4.pt,train
Banco,../MINDS_tensors_32/Banco/07BancoSinalizador11-3.pt,train
Banco,../MINDS_tensors_32/Banco/07BancoSinalizador11-1.pt,train
Banco,../MINDS_tensors_32/Banco/07BancoSinalizador11-4.pt,train
Banco,../MINDS_tensors_32/Banco/07BancoSinalizador09-3.pt,train
Banco,../MINDS_tensors_32/Banco/07BancoSinalizador09-1.pt,train
Banco,../MINDS_tensors_32/Banco/07BancoSinalizador09-4.pt,train
Banco,../MINDS_tensors_32/Banco/07BancoSinalizador08-3.pt,train
Banco,../MINDS_tensors_32/Banco/07BancoSinalizador08-1.pt,train
Banco,../MINDS_tensors_32/Banco/07BancoSinalizador08-4.pt,train
Acontecer,../MINDS_tensors_32/Acontecer/01AcontecerSinalizador02-3.pt,train
Acontecer,../MINDS_tensors_32/Acontecer/01AcontecerSinalizador02-1.pt,train
Acontecer,../MINDS_tensors_32/Acontecer/01AcontecerSinalizador02-4.pt,train
Acontecer,../MINDS_tensors_32/Acontecer/01AcontecerSinalizador05-3.pt,train
Acontecer,../MINDS_tensors_32/Acontecer/01AcontecerSinalizador05-1.pt,train
Acontecer,../MINDS_tensors_32/Acontecer/01AcontecerSinalizador05-4.pt,train
Acontecer,../MINDS_tensors_32/Acontecer/01AcontecerSinalizador07-3.pt,train
Acontecer,../MINDS_tensors_32/Acontecer/01AcontecerSinalizador07-1.pt,train
Acontecer,../MINDS_tensors_32/Acontecer/01AcontecerSinalizador07-4.pt,train
Acontecer,../MINDS_tensors_32/Acontecer/01AcontecerSinalizador11-3.pt,train
Acontecer,../MINDS_tensors_32/Acontecer/01AcontecerSinalizador11-1.pt,train
Acontecer,../MINDS_tensors_32/Acontecer/01AcontecerSinalizador11-4.pt,train
Acontecer,../MINDS_tensors_32/Acontecer/01AcontecerSinalizador08-3.pt,train
Acontecer,../MINDS_tensors_32/Acontecer/01AcontecerSinalizador08-1.pt,train
Acontecer,../MINDS_tensors_32/Acontecer/01AcontecerSinalizador08-4.pt,train
Acontecer,../MINDS_tensors_32/Acontecer/01AcontecerSinalizador04-3.pt,train
Acontecer,../MINDS_tensors_32/Acontecer/01AcontecerSinalizador04-1.pt,train
Acontecer,../MINDS_tensors_32/Acontecer/01AcontecerSinalizador04-4.pt,train
Acontecer,../MINDS_tensors_32/Acontecer/01AcontecerSinalizador03-3.pt,train
Acontecer,../MINDS_tensors_32/Acontecer/01AcontecerSinalizador03-1.pt,train
Acontecer,../MINDS_tensors_32/Acontecer/01AcontecerSinalizador03-4.pt,train
Acontecer,../MINDS_tensors_32/Acontecer/01AcontecerSinalizador01-3.pt,train
Acontecer,../MINDS_tensors_32/Acontecer/01AcontecerSinalizador01-1.pt,train
Acontecer,../MINDS_tensors_32/Acontecer/01AcontecerSinalizador01-4.pt,train
Acontecer,../MINDS_tensors_32/Acontecer/01AcontecerSinalizador06-3.pt,train
Acontecer,../MINDS_tensors_32/Acontecer/01AcontecerSinalizador06-1.pt,train
Acontecer,../MINDS_tensors_32/Acontecer/01AcontecerSinalizador06-4.pt,train
Acontecer,../MINDS_tensors_32/Acontecer/01AcontecerSinalizador12-3.pt,train
Acontecer,../MINDS_tensors_32/Acontecer/01AcontecerSinalizador12-1.pt,train
Acontecer,../MINDS_tensors_32/Acontecer/01AcontecerSinalizador12-4.pt,train
Acontecer,../MINDS_tensors_32/Acontecer/01AcontecerSinalizador09-3.pt,train
Acontecer,../MINDS_tensors_32/Acontecer/01AcontecerSinalizador09-1.pt,train
Acontecer,../MINDS_tensors_32/Acontecer/01AcontecerSinalizador09-4.pt,train
Acontecer,../MINDS_tensors_32/Acontecer/01AcontecerSinalizador10-3.pt,train
Acontecer,../MINDS_tensors_32/Acontecer/01AcontecerSinalizador10-1.pt,train
Acontecer,../MINDS_tensors_32/Acontecer/01AcontecerSinalizador10-4.pt,train
Barulho,../MINDS_tensors_32/Barulho/09BarulhoSinalizador08-3.pt,train
Barulho,../MINDS_tensors_32/Barulho/09BarulhoSinalizador08-1.pt,train
Barulho,../MINDS_tensors_32/Barulho/09BarulhoSinalizador08-4.pt,train
Barulho,../MINDS_tensors_32/Barulho/09BarulhoSinalizador02-3.pt,train
Barulho,../MINDS_tensors_32/Barulho/09BarulhoSinalizador02-1.pt,train
Barulho,../MINDS_tensors_32/Barulho/09BarulhoSinalizador02-4.pt,train
Barulho,../MINDS_tensors_32/Barulho/09BarulhoSinalizador12-3.pt,train
Barulho,../MINDS_tensors_32/Barulho/09BarulhoSinalizador12-1.pt,train
Barulho,../MINDS_tensors_32/Barulho/09BarulhoSinalizador12-4.pt,train
Barulho,../MINDS_tensors_32/Barulho/09BarulhoSinalizador05-3.pt,train
Barulho,../MINDS_tensors_32/Barulho/09BarulhoSinalizador05-1.pt,train
Barulho,../MINDS_tensors_32/Barulho/09BarulhoSinalizador05-4.pt,train
Barulho,../MINDS_tensors_32/Barulho/09BarulhoSinalizador11-3.pt,train
Barulho,../MINDS_tensors_32/Barulho/09BarulhoSinalizador11-1.pt,train
Barulho,../MINDS_tensors_32/Barulho/09BarulhoSinalizador11-4.pt,train
Barulho,../MINDS_tensors_32/Barulho/09BarulhoSinalizador07-6.pt,train
Barulho,../MINDS_tensors_32/Barulho/09BarulhoSinalizador07-3.pt,train
Barulho,../MINDS_tensors_32/Barulho/09BarulhoSinalizador07-5.pt,train
Barulho,../MINDS_tensors_32/Barulho/09BarulhoSinalizador07-4.pt,train
Barulho,../MINDS_tensors_32/Barulho/09BarulhoSinalizador07-7.pt,train
Barulho,../MINDS_tensors_32/Barulho/09BarulhoSinalizador03-3.pt,train
Barulho,../MINDS_tensors_32/Barulho/09BarulhoSinalizador03-1.pt,train
Barulho,../MINDS_tensors_32/Barulho/09BarulhoSinalizador03-4.pt,train
Barulho,../MINDS_tensors_32/Barulho/09BarulhoSinalizador04-3.pt,train
Barulho,../MINDS_tensors_32/Barulho/09BarulhoSinalizador04-1.pt,train
Barulho,../MINDS_tensors_32/Barulho/09BarulhoSinalizador04-4.pt,train
Barulho,../MINDS_tensors_32/Barulho/09BarulhoSinalizador01-3.pt,train
Barulho,../MINDS_tensors_32/Barulho/09BarulhoSinalizador01-1.pt,train
Barulho,../MINDS_tensors_32/Barulho/09BarulhoSinalizador01-4.pt,train
Barulho,../MINDS_tensors_32/Barulho/09BarulhoSinalizador09-3.pt,train
Barulho,../MINDS_tensors_32/Barulho/09BarulhoSinalizador09-1.pt,train
Barulho,../MINDS_tensors_32/Barulho/09BarulhoSinalizador09-4.pt,train
Barulho,../MINDS_tensors_32/Barulho/09BarulhoSinalizador06-3.pt,train
Barulho,../MINDS_tensors_32/Barulho/09BarulhoSinalizador06-1.pt,train
Barulho,../MINDS_tensors_32/Barulho/09BarulhoSinalizador06-4.pt,train
Barulho,../MINDS_tensors_32/Barulho/09BarulhoSinalizador10-3.pt,train
Barulho,../MINDS_tensors_32/Barulho/09BarulhoSinalizador10-1.pt,train
Barulho,../MINDS_tensors_32/Barulho/09BarulhoSinalizador10-4.pt,train
Medo,../MINDS_tensors_32/Medo/16MedoSinalizador05-3.pt,train
Medo,../MINDS_tensors_32/Medo/16MedoSinalizador05-1.pt,train
Medo,../MINDS_tensors_32/Medo/16MedoSinalizador05-4.pt,train
Medo,../MINDS_tensors_32/Medo/16MedoSinalizador07-3.pt,train
Medo,../MINDS_tensors_32/Medo/16MedoSinalizador07-1.pt,train
Medo,../MINDS_tensors_32/Medo/16MedoSinalizador07-4.pt,train
Medo,../MINDS_tensors_32/Medo/16MedoSinalizador08-3.pt,train
Medo,../MINDS_tensors_32/Medo/16MedoSinalizador08-1.pt,train
Medo,../MINDS_tensors_32/Medo/16MedoSinalizador08-4.pt,train
Medo,../MINDS_tensors_32/Medo/16MedoSinalizador01-3.pt,train
Medo,../MINDS_tensors_32/Medo/16MedoSinalizador01-1.pt,train
Medo,../MINDS_tensors_32/Medo/16MedoSinalizador01-4.pt,train
Medo,../MINDS_tensors_32/Medo/16MedoSinalizador06-3.pt,train
Medo,../MINDS_tensors_32/Medo/16MedoSinalizador06-1.pt,train
Medo,../MINDS_tensors_32/Medo/16MedoSinalizador06-4.pt,train
Medo,../MINDS_tensors_32/Medo/16MedoSinalizador02-3.pt,train
Medo,../MINDS_tensors_32/Medo/16MedoSinalizador02-1.pt,train
Medo,../MINDS_tensors_32/Medo/16MedoSinalizador02-4.pt,train
Medo,../MINDS_tensors_32/Medo/16MedoSinalizador12-3.pt,train
Medo,../MINDS_tensors_32/Medo/16MedoSinalizador12-1.pt,train
Medo,../MINDS_tensors_32/Medo/16MedoSinalizador12-4.pt,train
Medo,../MINDS_tensors_32/Medo/16MedoSinalizador11-3.pt,train
Medo,../MINDS_tensors_32/Medo/16MedoSinalizador11-1.pt,train
Medo,../MINDS_tensors_32/Medo/16MedoSinalizador11-4.pt,train
Medo,../MINDS_tensors_32/Medo/16MedoSinalizador04-3.pt,train
Medo,../MINDS_tensors_32/Medo/16MedoSinalizador04-1.pt,train
Medo,../MINDS_tensors_32/Medo/16MedoSinalizador04-4.pt,train
Medo,../MINDS_tensors_32/Medo/16MedoSinalizador03-3.pt,train
Medo,../MINDS_tensors_32/Medo/16MedoSinalizador03-1.pt,train
Medo,../MINDS_tensors_32/Medo/16MedoSinalizador03-4.pt,train
Medo,../MINDS_tensors_32/Medo/16MedoSinalizador10-3.pt,train
Medo,../MINDS_tensors_32/Medo/16MedoSinalizador10-1.pt,train
Medo,../MINDS_tensors_32/Medo/16MedoSinalizador10-4.pt,train
Sapo,../MINDS_tensors_32/Sapo/18SapoSinalizador04-3.pt,train
Sapo,../MINDS_tensors_32/Sapo/18SapoSinalizador04-1.pt,train
Sapo,../MINDS_tensors_32/Sapo/18SapoSinalizador04-4.pt,train
Sapo,../MINDS_tensors_32/Sapo/18SapoSinalizador01-3.pt,train
Sapo,../MINDS_tensors_32/Sapo/18SapoSinalizador01-1.pt,train
Sapo,../MINDS_tensors_32/Sapo/18SapoSinalizador01-4.pt,train
Sapo,../MINDS_tensors_32/Sapo/18SapoSinalizador12-3.pt,train
Sapo,../MINDS_tensors_32/Sapo/18SapoSinalizador12-1.pt,train
Sapo,../MINDS_tensors_32/Sapo/18SapoSinalizador12-4.pt,train
Sapo,../MINDS_tensors_32/Sapo/18SapoSinalizador10-3.pt,train
Sapo,../MINDS_tensors_32/Sapo/18SapoSinalizador10-1.pt,train
Sapo,../MINDS_tensors_32/Sapo/18SapoSinalizador10-4.pt,train
Sapo,../MINDS_tensors_32/Sapo/18SapoSinalizador06-3.pt,train
Sapo,../MINDS_tensors_32/Sapo/18SapoSinalizador06-1.pt,train
Sapo,../MINDS_tensors_32/Sapo/18SapoSinalizador06-4.pt,train
Sapo,../MINDS_tensors_32/Sapo/18SapoSinalizador09-3.pt,train
Sapo,../MINDS_tensors_32/Sapo/18SapoSinalizador09-1.pt,train
Sapo,../MINDS_tensors_32/Sapo/18SapoSinalizador09-4.pt,train
Sapo,../MINDS_tensors_32/Sapo/18SapoSinalizador08-3.pt,train
Sapo,../MINDS_tensors_32/Sapo/18SapoSinalizador08-1.pt,train
Sapo,../MINDS_tensors_32/Sapo/18SapoSinalizador08-4.pt,train
Sapo,../MINDS_tensors_32/Sapo/18SapoSinalizador03-3.pt,train
Sapo,../MINDS_tensors_32/Sapo/18SapoSinalizador03-1.pt,train
Sapo,../MINDS_tensors_32/Sapo/18SapoSinalizador03-4.pt,train
Sapo,../MINDS_tensors_32/Sapo/18SapoSinalizador02-3.pt,train
Sapo,../MINDS_tensors_32/Sapo/18SapoSinalizador02-1.pt,train
Sapo,../MINDS_tensors_32/Sapo/18SapoSinalizador02-4.pt,train
Sapo,../MINDS_tensors_32/Sapo/18SapoSinalizador11-3.pt,train
Sapo,../MINDS_tensors_32/Sapo/18SapoSinalizador11-1.pt,train
Sapo,../MINDS_tensors_32/Sapo/18SapoSinalizador11-4.pt,train
Sapo,../MINDS_tensors_32/Sapo/18SapoSinalizador05-3.pt,train
Sapo,../MINDS_tensors_32/Sapo/18SapoSinalizador05-1.pt,train
Sapo,../MINDS_tensors_32/Sapo/18SapoSinalizador05-4.pt,train
Sapo,../MINDS_tensors_32/Sapo/18SapoSinalizador07-3.pt,train
Sapo,../MINDS_tensors_32/Sapo/18SapoSinalizador07-1.pt,train
Sapo,../MINDS_tensors_32/Sapo/18SapoSinalizador07-4.pt,train
Esquina,../MINDS_tensors_32/Esquina/13EsquinaSinalizador01-3.pt,train
Esquina,../MINDS_tensors_32/Esquina/13EsquinaSinalizador01-1.pt,train
Esquina,../MINDS_tensors_32/Esquina/13EsquinaSinalizador01-4.pt,train
Esquina,../MINDS_tensors_32/Esquina/13EsquinaSinalizador10-3.pt,train
Esquina,../MINDS_tensors_32/Esquina/13EsquinaSinalizador10-1.pt,train
Esquina,../MINDS_tensors_32/Esquina/13EsquinaSinalizador10-4.pt,train
Esquina,../MINDS_tensors_32/Esquina/13EsquinaSinalizador08-3.pt,train
Esquina,../MINDS_tensors_32/Esquina/13EsquinaSinalizador08-1.pt,train
Esquina,../MINDS_tensors_32/Esquina/13EsquinaSinalizador08-4.pt,train
Esquina,../MINDS_tensors_32/Esquina/13EsquinaSinalizador03-3.pt,train
Esquina,../MINDS_tensors_32/Esquina/13EsquinaSinalizador03-1.pt,train
Esquina,../MINDS_tensors_32/Esquina/13EsquinaSinalizador03-4.pt,train
Esquina,../MINDS_tensors_32/Esquina/13EsquinaSinalizador06-3.pt,train
Esquina,../MINDS_tensors_32/Esquina/13EsquinaSinalizador06-1.pt,train
Esquina,../MINDS_tensors_32/Esquina/13EsquinaSinalizador06-4.pt,train
Esquina,../MINDS_tensors_32/Esquina/13EsquinaSinalizador05-3.pt,train
Esquina,../MINDS_tensors_32/Esquina/13EsquinaSinalizador05-1.pt,train
Esquina,../MINDS_tensors_32/Esquina/13EsquinaSinalizador05-4.pt,train
Esquina,../MINDS_tensors_32/Esquina/13EsquinaSinalizador07-3.pt,train
Esquina,../MINDS_tensors_32/Esquina/13EsquinaSinalizador07-1.pt,train
Esquina,../MINDS_tensors_32/Esquina/13EsquinaSinalizador07-4.pt,train
Esquina,../MINDS_tensors_32/Esquina/13EsquinaSinalizador12-3.pt,train
Esquina,../MINDS_tensors_32/Esquina/13EsquinaSinalizador12-1.pt,train
Esquina,../MINDS_tensors_32/Esquina/13EsquinaSinalizador12-4.pt,train
Esquina,../MINDS_tensors_32/Esquina/13EsquinaSinalizador04-3.pt,train
Esquina,../MINDS_tensors_32/Esquina/13EsquinaSinalizador04-1.pt,train
Esquina,../MINDS_tensors_32/Esquina/13EsquinaSinalizador04-4.pt,train
Esquina,../MINDS_tensors_32/Esquina/13EsquinaSinalizador02-3.pt,train
Esquina,../MINDS_tensors_32/Esquina/13EsquinaSinalizador02-1.pt,train
Esquina,../MINDS_tensors_32/Esquina/13EsquinaSinalizador02-4.pt,train
Esquina,../MINDS_tensors_32/Esquina/13EsquinaSinalizador11-3.pt,train
Esquina,../MINDS_tensors_32/Esquina/13EsquinaSinalizador11-1.pt,train
Esquina,../MINDS_tensors_32/Esquina/13EsquinaSinalizador11-4.pt,train
Amarelo,../MINDS_tensors_32/Amarelo/03AmareloSinalizador07-2.pt,test
Amarelo,../MINDS_tensors_32/Amarelo/03AmareloSinalizador07-5.pt,test
Amarelo,../MINDS_tensors_32/Amarelo/03AmareloSinalizador11-2.pt,test
Amarelo,../MINDS_tensors_32/Amarelo/03AmareloSinalizador11-5.pt,test
Amarelo,../MINDS_tensors_32/Amarelo/03AmareloSinalizador04-2.pt,test
Amarelo,../MINDS_tensors_32/Amarelo/03AmareloSinalizador04-5.pt,test
Amarelo,../MINDS_tensors_32/Amarelo/03AmareloSinalizador02-2.pt,test
Amarelo,../MINDS_tensors_32/Amarelo/03AmareloSinalizador02-5.pt,test
Amarelo,../MINDS_tensors_32/Amarelo/03AmareloSinalizador10-2.pt,test
Amarelo,../MINDS_tensors_32/Amarelo/03AmareloSinalizador10-5.pt,test
Amarelo,../MINDS_tensors_32/Amarelo/03AmareloSinalizador08-2.pt,test
Amarelo,../MINDS_tensors_32/Amarelo/03AmareloSinalizador08-5.pt,test
Amarelo,../MINDS_tensors_32/Amarelo/03AmareloSinalizador12-2.pt,test
Amarelo,../MINDS_tensors_32/Amarelo/03AmareloSinalizador12-5.pt,test
Amarelo,../MINDS_tensors_32/Amarelo/03AmareloSinalizador06-2.pt,test
Amarelo,../MINDS_tensors_32/Amarelo/03AmareloSinalizador06-5.pt,test
Amarelo,../MINDS_tensors_32/Amarelo/03AmareloSinalizador03-2.pt,test
Amarelo,../MINDS_tensors_32/Amarelo/03AmareloSinalizador03-5.pt,test
Amarelo,../MINDS_tensors_32/Amarelo/03AmareloSinalizador05-2.pt,test
Amarelo,../MINDS_tensors_32/Amarelo/03AmareloSinalizador05-5.pt,test
Amarelo,../MINDS_tensors_32/Amarelo/03AmareloSinalizador01-2.pt,test
Amarelo,../MINDS_tensors_32/Amarelo/03AmareloSinalizador01-5.pt,test
Vontade,../MINDS_tensors_32/Vontade/20VontadeSinalizador02-2.pt,test
Vontade,../MINDS_tensors_32/Vontade/20VontadeSinalizador02-5.pt,test
Vontade,../MINDS_tensors_32/Vontade/20VontadeSinalizador08-2.pt,test
Vontade,../MINDS_tensors_32/Vontade/20VontadeSinalizador08-5.pt,test
Vontade,../MINDS_tensors_32/Vontade/20VontadeSinalizador03-2.pt,test
Vontade,../MINDS_tensors_32/Vontade/20VontadeSinalizador03-5.pt,test
Vontade,../MINDS_tensors_32/Vontade/20VontadeSinalizador10-2.pt,test
Vontade,../MINDS_tensors_32/Vontade/20VontadeSinalizador10-5.pt,test
Vontade,../MINDS_tensors_32/Vontade/20VontadeSinalizador05-2.pt,test
Vontade,../MINDS_tensors_32/Vontade/20VontadeSinalizador05-5.pt,test
Vontade,../MINDS_tensors_32/Vontade/20VontadeSinalizador12-2.pt,test
Vontade,../MINDS_tensors_32/Vontade/20VontadeSinalizador12-5.pt,test
Vontade,../MINDS_tensors_32/Vontade/20VontadeSinalizador07-2.pt,test
Vontade,../MINDS_tensors_32/Vontade/20VontadeSinalizador07-5.pt,test
Vontade,../MINDS_tensors_32/Vontade/20VontadeSinalizador11-2.pt,test
Vontade,../MINDS_tensors_32/Vontade/20VontadeSinalizador11-5.pt,test
Vontade,../MINDS_tensors_32/Vontade/20VontadeSinalizador09-2.pt,test
Vontade,../MINDS_tensors_32/Vontade/20VontadeSinalizador09-5.pt,test
Vontade,../MINDS_tensors_32/Vontade/20VontadeSinalizador04-2.pt,test
Vontade,../MINDS_tensors_32/Vontade/20VontadeSinalizador04-5.pt,test
Vontade,../MINDS_tensors_32/Vontade/20VontadeSinalizador06-2.pt,test
Vontade,../MINDS_tensors_32/Vontade/20VontadeSinalizador06-5.pt,test
Vontade,../MINDS_tensors_32/Vontade/20VontadeSinalizador01-2.pt,test
Vontade,../MINDS_tensors_32/Vontade/20VontadeSinalizador01-5.pt,test
Vacina,../MINDS_tensors_32/Vacina/19VacinaSinalizador11-2.pt,test
Vacina,../MINDS_tensors_32/Vacina/19VacinaSinalizador11-5.pt,test
Vacina,../MINDS_tensors_32/Vacina/19VacinaSinalizador04-2.pt,test
Vacina,../MINDS_tensors_32/Vacina/19VacinaSinalizador04-5.pt,test
Vacina,../MINDS_tensors_32/Vacina/19VacinaSinalizador01-2.pt,test
Vacina,../MINDS_tensors_32/Vacina/19VacinaSinalizador01-5.pt,test
Vacina,../MINDS_tensors_32/Vacina/19VacinaSinalizador07-2.pt,test
Vacina,../MINDS_tensors_32/Vacina/19VacinaSinalizador07-5.pt,test
Vacina,../MINDS_tensors_32/Vacina/19VacinaSinalizador02-2.pt,test
Vacina,../MINDS_tensors_32/Vacina/19VacinaSinalizador02-5.pt,test
Vacina,../MINDS_tensors_32/Vacina/19VacinaSinalizador05-2.pt,test
Vacina,../MINDS_tensors_32/Vacina/19VacinaSinalizador05-5.pt,test
Vacina,../MINDS_tensors_32/Vacina/19VacinaSinalizador10-2.pt,test
Vacina,../MINDS_tensors_32/Vacina/19VacinaSinalizador10-5.pt,test
Vacina,../MINDS_tensors_32/Vacina/19VacinaSinalizador09-2.pt,test
Vacina,../MINDS_tensors_32/Vacina/19VacinaSinalizador09-5.pt,test
Vacina,../MINDS_tensors_32/Vacina/19VacinaSinalizador03-2.pt,test
Vacina,../MINDS_tensors_32/Vacina/19VacinaSinalizador03-5.pt,test
Vacina,../MINDS_tensors_32/Vacina/19VacinaSinalizador08-2.pt,test
Vacina,../MINDS_tensors_32/Vacina/19VacinaSinalizador08-5.pt,test
Vacina,../MINDS_tensors_32/Vacina/19VacinaSinalizador12-2.pt,test
Vacina,../MINDS_tensors_32/Vacina/19VacinaSinalizador12-5.pt,test
Vacina,../MINDS_tensors_32/Vacina/19VacinaSinalizador06-2.pt,test
Vacina,../MINDS_tensors_32/Vacina/19VacinaSinalizador06-5.pt,test
Conhecer,../MINDS_tensors_32/Conhecer/11ConhecerSinalizador04-2.pt,test
Conhecer,../MINDS_tensors_32/Conhecer/11ConhecerSinalizador04-5.pt,test
Conhecer,../MINDS_tensors_32/Conhecer/11ConhecerSinalizador12-2.pt,test
Conhecer,../MINDS_tensors_32/Conhecer/11ConhecerSinalizador12-5.pt,test
Conhecer,../MINDS_tensors_32/Conhecer/11ConhecerSinalizador03-2.pt,test
Conhecer,../MINDS_tensors_32/Conhecer/11ConhecerSinalizador03-5.pt,test
Conhecer,../MINDS_tensors_32/Conhecer/11ConhecerSinalizador02-2.pt,test
Conhecer,../MINDS_tensors_32/Conhecer/11ConhecerSinalizador02-5.pt,test
Conhecer,../MINDS_tensors_32/Conhecer/11ConhecerSinalizador06-2.pt,test
Conhecer,../MINDS_tensors_32/Conhecer/11ConhecerSinalizador06-5.pt,test
Conhecer,../MINDS_tensors_32/Conhecer/11ConhecerSinalizador01-2.pt,test
Conhecer,../MINDS_tensors_32/Conhecer/11ConhecerSinalizador01-5.pt,test
Conhecer,../MINDS_tensors_32/Conhecer/11ConhecerSinalizador05-2.pt,test
Conhecer,../MINDS_tensors_32/Conhecer/11ConhecerSinalizador05-5.pt,test
Conhecer,../MINDS_tensors_32/Conhecer/11ConhecerSinalizador11-2.pt,test
Conhecer,../MINDS_tensors_32/Conhecer/11ConhecerSinalizador11-5.pt,test
Conhecer,../MINDS_tensors_32/Conhecer/11ConhecerSinalizador10-2.pt,test
Conhecer,../MINDS_tensors_32/Conhecer/11ConhecerSinalizador10-5.pt,test
Conhecer,../MINDS_tensors_32/Conhecer/11ConhecerSinalizador07-2.pt,test
Conhecer,../MINDS_tensors_32/Conhecer/11ConhecerSinalizador07-5.pt,test
Conhecer,../MINDS_tensors_32/Conhecer/11ConhecerSinalizador08-2.pt,test
Conhecer,../MINDS_tensors_32/Conhecer/11ConhecerSinalizador08-5.pt,test
Maca,../MINDS_tensors_32/Maca/15MacaSinalizador01-2.pt,test
Maca,../MINDS_tensors_32/Maca/15MacaSinalizador01-5.pt,test
Maca,../MINDS_tensors_32/Maca/15MacaSinalizador03-2.pt,test
Maca,../MINDS_tensors_32/Maca/15MacaSinalizador03-5.pt,test
Maca,../MINDS_tensors_32/Maca/15MacaSinalizador10-2.pt,test
Maca,../MINDS_tensors_32/Maca/15MacaSinalizador10-5.pt,test
Maca,../MINDS_tensors_32/Maca/15MacaSinalizador02-2.pt,test
Maca,../MINDS_tensors_32/Maca/15MacaSinalizador02-5.pt,test
Maca,../MINDS_tensors_32/Maca/15MacaSinalizador06-2.pt,test
Maca,../MINDS_tensors_32/Maca/15MacaSinalizador06-5.pt,test
Maca,../MINDS_tensors_32/Maca/15MacaSinalizador04-2.pt,test
Maca,../MINDS_tensors_32/Maca/15MacaSinalizador04-5.pt,test
Maca,../MINDS_tensors_32/Maca/15MacaSinalizador12-2.pt,test
Maca,../MINDS_tensors_32/Maca/15MacaSinalizador12-5.pt,test
Maca,../MINDS_tensors_32/Maca/15MacaSinalizador05-2.pt,test
Maca,../MINDS_tensors_32/Maca/15MacaSinalizador05-5.pt,test
Maca,../MINDS_tensors_32/Maca/15MacaSinalizador11-2.pt,test
Maca,../MINDS_tensors_32/Maca/15MacaSinalizador11-5.pt,test
Maca,../MINDS_tensors_32/Maca/15MacaSinalizador08-2.pt,test
Maca,../MINDS_tensors_32/Maca/15MacaSinalizador08-5.pt,test
Maca,../MINDS_tensors_32/Maca/15MacaSinalizador07-2.pt,test
Maca,../MINDS_tensors_32/Maca/15MacaSinalizador07-5.pt,test
Maca,../MINDS_tensors_32/Maca/15MacaSinalizador09-2.pt,test
Maca,../MINDS_tensors_32/Maca/15MacaSinalizador09-5.pt,test
Espelho,../MINDS_tensors_32/Espelho/12EspelhoSinalizador10-2.pt,test
Espelho,../MINDS_tensors_32/Espelho/12EspelhoSinalizador10-5.pt,test
Espelho,../MINDS_tensors_32/Espelho/12EspelhoSinalizador07-2.pt,test
Espelho,../MINDS_tensors_32/Espelho/12EspelhoSinalizador07-5.pt,test
Espelho,../MINDS_tensors_32/Espelho/12EspelhoSinalizador01-2.pt,test
Espelho,../MINDS_tensors_32/Espelho/12EspelhoSinalizador01-5.pt,test
Espelho,../MINDS_tensors_32/Espelho/12EspelhoSinalizador08-2.pt,test
Espelho,../MINDS_tensors_32/Espelho/12EspelhoSinalizador08-5.pt,test
Espelho,../MINDS_tensors_32/Espelho/12EspelhoSinalizador03-2.pt,test
Espelho,../MINDS_tensors_32/Espelho/12EspelhoSinalizador03-5.pt,test
Espelho,../MINDS_tensors_32/Espelho/12EspelhoSinalizador09-2.pt,test
Espelho,../MINDS_tensors_32/Espelho/12EspelhoSinalizador09-5.pt,test
Espelho,../MINDS_tensors_32/Espelho/12EspelhoSinalizador12-2.pt,test
Espelho,../MINDS_tensors_32/Espelho/12EspelhoSinalizador12-5.pt,test
Espelho,../MINDS_tensors_32/Espelho/12EspelhoSinalizador11-2.pt,test
Espelho,../MINDS_tensors_32/Espelho/12EspelhoSinalizador11-5.pt,test
Espelho,../MINDS_tensors_32/Espelho/12EspelhoSinalizador04-2.pt,test
Espelho,../MINDS_tensors_32/Espelho/12EspelhoSinalizador04-5.pt,test
Espelho,../MINDS_tensors_32/Espelho/12EspelhoSinalizador06-2.pt,test
Espelho,../MINDS_tensors_32/Espelho/12EspelhoSinalizador06-5.pt,test
Espelho,../MINDS_tensors_32/Espelho/12EspelhoSinalizador02-2.pt,test
Espelho,../MINDS_tensors_32/Espelho/12EspelhoSinalizador02-5.pt,test
Espelho,../MINDS_tensors_32/Espelho/12EspelhoSinalizador05-2.pt,test
Espelho,../MINDS_tensors_32/Espelho/12EspelhoSinalizador05-5.pt,test
Banheiro,../MINDS_tensors_32/Banheiro/08BanheiroSinalizador02-2.pt,test
Banheiro,../MINDS_tensors_32/Banheiro/08BanheiroSinalizador02-5.pt,test
Banheiro,../MINDS_tensors_32/Banheiro/08BanheiroSinalizador03-2.pt,test
Banheiro,../MINDS_tensors_32/Banheiro/08BanheiroSinalizador03-5.pt,test
Banheiro,../MINDS_tensors_32/Banheiro/08BanheiroSinalizador06-2.pt,test
Banheiro,../MINDS_tensors_32/Banheiro/08BanheiroSinalizador06-5.pt,test
Banheiro,../MINDS_tensors_32/Banheiro/08BanheiroSinalizador11-2.pt,test
Banheiro,../MINDS_tensors_32/Banheiro/08BanheiroSinalizador11-5.pt,test
Banheiro,../MINDS_tensors_32/Banheiro/08BanheiroSinalizador12-2.pt,test
Banheiro,../MINDS_tensors_32/Banheiro/08BanheiroSinalizador12-5.pt,test
Banheiro,../MINDS_tensors_32/Banheiro/08BanheiroSinalizador07-2.pt,test
Banheiro,../MINDS_tensors_32/Banheiro/08BanheiroSinalizador07-5.pt,test
Banheiro,../MINDS_tensors_32/Banheiro/08BanheiroSinalizador05-2.pt,test
Banheiro,../MINDS_tensors_32/Banheiro/08BanheiroSinalizador05-5.pt,test
Banheiro,../MINDS_tensors_32/Banheiro/08BanheiroSinalizador01-2.pt,test
Banheiro,../MINDS_tensors_32/Banheiro/08BanheiroSinalizador01-5.pt,test
Banheiro,../MINDS_tensors_32/Banheiro/08BanheiroSinalizador04-2.pt,test
Banheiro,../MINDS_tensors_32/Banheiro/08BanheiroSinalizador04-5.pt,test
Banheiro,../MINDS_tensors_32/Banheiro/08BanheiroSinalizador08-2.pt,test
Banheiro,../MINDS_tensors_32/Banheiro/08BanheiroSinalizador08-5.pt,test
Banheiro,../MINDS_tensors_32/Banheiro/08BanheiroSinalizador10-2.pt,test
Banheiro,../MINDS_tensors_32/Banheiro/08BanheiroSinalizador10-5.pt,test
Filho,../MINDS_tensors_32/Filho/14FilhoSinalizador01-2.pt,test
Filho,../MINDS_tensors_32/Filho/14FilhoSinalizador01-5.pt,test
Filho,../MINDS_tensors_32/Filho/14FilhoSinalizador02-2.pt,test
Filho,../MINDS_tensors_32/Filho/14FilhoSinalizador02-5.pt,test
Filho,../MINDS_tensors_32/Filho/14FilhoSinalizador05-2.pt,test
Filho,../MINDS_tensors_32/Filho/14FilhoSinalizador05-5.pt,test
Filho,../MINDS_tensors_32/Filho/14FilhoSinalizador03-2.pt,test
Filho,../MINDS_tensors_32/Filho/14FilhoSinalizador03-5.pt,test
Filho,../MINDS_tensors_32/Filho/14FilhoSinalizador09-2.pt,test
Filho,../MINDS_tensors_32/Filho/14FilhoSinalizador09-5.pt,test
Filho,../MINDS_tensors_32/Filho/14FilhoSinalizador10-2.pt,test
Filho,../MINDS_tensors_32/Filho/14FilhoSinalizador10-5.pt,test
Filho,../MINDS_tensors_32/Filho/14FilhoSinalizador08-2.pt,test
Filho,../MINDS_tensors_32/Filho/14FilhoSinalizador08-5.pt,test
Filho,../MINDS_tensors_32/Filho/14FilhoSinalizador11-2.pt,test
Filho,../MINDS_tensors_32/Filho/14FilhoSinalizador11-5.pt,test
Filho,../MINDS_tensors_32/Filho/14FilhoSinalizador07-1.pt,test
Filho,../MINDS_tensors_32/Filho/14FilhoSinalizador07-2.pt,test
Filho,../MINDS_tensors_32/Filho/14FilhoSinalizador06-2.pt,test
Filho,../MINDS_tensors_32/Filho/14FilhoSinalizador06-5.pt,test
Filho,../MINDS_tensors_32/Filho/14FilhoSinalizador12-2.pt,test
Filho,../MINDS_tensors_32/Filho/14FilhoSinalizador12-5.pt,test
Aproveitar,../MINDS_tensors_32/Aproveitar/05AproveitarSinalizador10-2.pt,test
Aproveitar,../MINDS_tensors_32/Aproveitar/05AproveitarSinalizador10-5.pt,test
Aproveitar,../MINDS_tensors_32/Aproveitar/05AproveitarSinalizador04-2.pt,test
Aproveitar,../MINDS_tensors_32/Aproveitar/05AproveitarSinalizador04-5.pt,test
Aproveitar,../MINDS_tensors_32/Aproveitar/05AproveitarSinalizador08-2.pt,test
Aproveitar,../MINDS_tensors_32/Aproveitar/05AproveitarSinalizador08-5.pt,test
Aproveitar,../MINDS_tensors_32/Aproveitar/05AproveitarSinalizador09-2.pt,test
Aproveitar,../MINDS_tensors_32/Aproveitar/05AproveitarSinalizador09-5.pt,test
Aproveitar,../MINDS_tensors_32/Aproveitar/05AproveitarSinalizador02-2.pt,test
Aproveitar,../MINDS_tensors_32/Aproveitar/05AproveitarSinalizador02-5.pt,test
Aproveitar,../MINDS_tensors_32/Aproveitar/05AproveitarSinalizador06-2.pt,test
Aproveitar,../MINDS_tensors_32/Aproveitar/05AproveitarSinalizador06-5.pt,test
Aproveitar,../MINDS_tensors_32/Aproveitar/05AproveitarSinalizador01-2.pt,test
Aproveitar,../MINDS_tensors_32/Aproveitar/05AproveitarSinalizador01-5.pt,test
Aproveitar,../MINDS_tensors_32/Aproveitar/05AproveitarSinalizador12-2.pt,test
Aproveitar,../MINDS_tensors_32/Aproveitar/05AproveitarSinalizador12-5.pt,test
Aproveitar,../MINDS_tensors_32/Aproveitar/05AproveitarSinalizador03-2.pt,test
Aproveitar,../MINDS_tensors_32/Aproveitar/05AproveitarSinalizador03-5.pt,test
Aproveitar,../MINDS_tensors_32/Aproveitar/05AproveitarSinalizador07-2.pt,test
Aproveitar,../MINDS_tensors_32/Aproveitar/05AproveitarSinalizador07-5.pt,test
Aproveitar,../MINDS_tensors_32/Aproveitar/05AproveitarSinalizador05-2.pt,test
Aproveitar,../MINDS_tensors_32/Aproveitar/05AproveitarSinalizador05-5.pt,test
Aproveitar,../MINDS_tensors_32/Aproveitar/05AproveitarSinalizador11-2.pt,test
Aproveitar,../MINDS_tensors_32/Aproveitar/05AproveitarSinalizador11-5.pt,test
Cinco,../MINDS_tensors_32/Cinco/10CincoSinalizador04-2.pt,test
Cinco,../MINDS_tensors_32/Cinco/10CincoSinalizador04-5.pt,test
Cinco,../MINDS_tensors_32/Cinco/10CincoSinalizador05-2.pt,test
Cinco,../MINDS_tensors_32/Cinco/10CincoSinalizador05-5.pt,test
Cinco,../MINDS_tensors_32/Cinco/10CincoSinalizador02-2.pt,test
Cinco,../MINDS_tensors_32/Cinco/10CincoSinalizador02-5.pt,test
Cinco,../MINDS_tensors_32/Cinco/10CincoSinalizador12-2.pt,test
Cinco,../MINDS_tensors_32/Cinco/10CincoSinalizador12-5.pt,test
Cinco,../MINDS_tensors_32/Cinco/10CincoSinalizador09-2.pt,test
Cinco,../MINDS_tensors_32/Cinco/10CincoSinalizador09-5.pt,test
Cinco,../MINDS_tensors_32/Cinco/10CincoSinalizador07-2.pt,test
Cinco,../MINDS_tensors_32/Cinco/10CincoSinalizador07-5.pt,test
Cinco,../MINDS_tensors_32/Cinco/10CincoSinalizador10-2.pt,test
Cinco,../MINDS_tensors_32/Cinco/10CincoSinalizador10-5.pt,test
Cinco,../MINDS_tensors_32/Cinco/10CincoSinalizador08-2.pt,test
Cinco,../MINDS_tensors_32/Cinco/10CincoSinalizador08-5.pt,test
Cinco,../MINDS_tensors_32/Cinco/10CincoSinalizador11-2.pt,test
Cinco,../MINDS_tensors_32/Cinco/10CincoSinalizador11-5.pt,test
Cinco,../MINDS_tensors_32/Cinco/10CincoSinalizador06-2.pt,test
Cinco,../MINDS_tensors_32/Cinco/10CincoSinalizador06-5.pt,test
Cinco,../MINDS_tensors_32/Cinco/10CincoSinalizador01-2.pt,test
Cinco,../MINDS_tensors_32/Cinco/10CincoSinalizador01-5.pt,test
America,../MINDS_tensors_32/America/04AmericaSinalizador10-2.pt,test
America,../MINDS_tensors_32/America/04AmericaSinalizador10-5.pt,test
America,../MINDS_tensors_32/America/04AmericaSinalizador08-2.pt,test
America,../MINDS_tensors_32/America/04AmericaSinalizador08-5.pt,test
America,../MINDS_tensors_32/America/04AmericaSinalizador09-2.pt,test
America,../MINDS_tensors_32/America/04AmericaSinalizador09-5.pt,test
America,../MINDS_tensors_32/America/04AmericaSinalizador02-2.pt,test
America,../MINDS_tensors_32/America/04AmericaSinalizador02-5.pt,test
America,../MINDS_tensors_32/America/04AmericaSinalizador01-2.pt,test
America,../MINDS_tensors_32/America/04AmericaSinalizador01-5.pt,test
America,../MINDS_tensors_32/America/04AmericaSinalizador06-2.pt,test
America,../MINDS_tensors_32/America/04AmericaSinalizador06-5.pt,test
America,../MINDS_tensors_32/America/04AmericaSinalizador07-2.pt,test
America,../MINDS_tensors_32/America/04AmericaSinalizador07-5.pt,test
America,../MINDS_tensors_32/America/04AmericaSinalizador12-2.pt,test
America,../MINDS_tensors_32/America/04AmericaSinalizador12-5.pt,test
America,../MINDS_tensors_32/America/04AmericaSinalizador11-2.pt,test
America,../MINDS_tensors_32/America/04AmericaSinalizador11-5.pt,test
America,../MINDS_tensors_32/America/04AmericaSinalizador05-2.pt,test
America,../MINDS_tensors_32/America/04AmericaSinalizador05-5.pt,test
America,../MINDS_tensors_32/America/04AmericaSinalizador04-2.pt,test
America,../MINDS_tensors_32/America/04AmericaSinalizador04-5.pt,test
Bala,../MINDS_tensors_32/Bala/06BalaSinalizador02-2.pt,test
Bala,../MINDS_tensors_32/Bala/06BalaSinalizador02-5.pt,test
Bala,../MINDS_tensors_32/Bala/06BalaSinalizador06-2.pt,test
Bala,../MINDS_tensors_32/Bala/06BalaSinalizador06-5.pt,test
Bala,../MINDS_tensors_32/Bala/06BalaSinalizador03-2.pt,test
Bala,../MINDS_tensors_32/Bala/06BalaSinalizador03-5.pt,test
Bala,../MINDS_tensors_32/Bala/06BalaSinalizador09-2.pt,test
Bala,../MINDS_tensors_32/Bala/06BalaSinalizador09-5.pt,test
Bala,../MINDS_tensors_32/Bala/06BalaSinalizador11-2.pt,test
Bala,../MINDS_tensors_32/Bala/06BalaSinalizador11-5.pt,test
Bala,../MINDS_tensors_32/Bala/06BalaSinalizador08-2.pt,test
Bala,../MINDS_tensors_32/Bala/06BalaSinalizador08-5.pt,test
Bala,../MINDS_tensors_32/Bala/06BalaSinalizador05-2.pt,test
Bala,../MINDS_tensors_32/Bala/06BalaSinalizador05-5.pt,test
Bala,../MINDS_tensors_32/Bala/06BalaSinalizador10-2.pt,test
Bala,../MINDS_tensors_32/Bala/06BalaSinalizador10-5.pt,test
Bala,../MINDS_tensors_32/Bala/06BalaSinalizador04-2.pt,test
Bala,../MINDS_tensors_32/Bala/06BalaSinalizador04-5.pt,test
Bala,../MINDS_tensors_32/Bala/06BalaSinalizador12-2.pt,test
Bala,../MINDS_tensors_32/Bala/06BalaSinalizador12-5.pt,test
Bala,../MINDS_tensors_32/Bala/06BalaSinalizador07-2.pt,test
Bala,../MINDS_tensors_32/Bala/06BalaSinalizador07-5.pt,test
Bala,../MINDS_tensors_32/Bala/06BalaSinalizador01-2.pt,test
Bala,../MINDS_tensors_32/Bala/06BalaSinalizador01-5.pt,test
Ruim,../MINDS_tensors_32/Ruim/17RuimSinalizador09-2.pt,test
Ruim,../MINDS_tensors_32/Ruim/17RuimSinalizador09-5.pt,test
Ruim,../MINDS_tensors_32/Ruim/17RuimSinalizador07-2.pt,test
Ruim,../MINDS_tensors_32/Ruim/17RuimSinalizador07-5.pt,test
Ruim,../MINDS_tensors_32/Ruim/17RuimSinalizador04-2.pt,test
Ruim,../MINDS_tensors_32/Ruim/17RuimSinalizador04-5.pt,test
Ruim,../MINDS_tensors_32/Ruim/17RuimSinalizador02-2.pt,test
Ruim,../MINDS_tensors_32/Ruim/17RuimSinalizador02-5.pt,test
Ruim,../MINDS_tensors_32/Ruim/17RuimSinalizador10-2.pt,test
Ruim,../MINDS_tensors_32/Ruim/17RuimSinalizador10-5.pt,test
Ruim,../MINDS_tensors_32/Ruim/17RuimSinalizador08-2.pt,test
Ruim,../MINDS_tensors_32/Ruim/17RuimSinalizador08-5.pt,test
Ruim,../MINDS_tensors_32/Ruim/17RuimSinalizador05-2.pt,test
Ruim,../MINDS_tensors_32/Ruim/17RuimSinalizador05-5.pt,test
Ruim,../MINDS_tensors_32/Ruim/17RuimSinalizador01-2.pt,test
Ruim,../MINDS_tensors_32/Ruim/17RuimSinalizador01-5.pt,test
Ruim,../MINDS_tensors_32/Ruim/17RuimSinalizador03-2.pt,test
Ruim,../MINDS_tensors_32/Ruim/17RuimSinalizador03-5.pt,test
Ruim,../MINDS_tensors_32/Ruim/17RuimSinalizador12-2.pt,test
Ruim,../MINDS_tensors_32/Ruim/17RuimSinalizador12-5.pt,test
Ruim,../MINDS_tensors_32/Ruim/17RuimSinalizador06-2.pt,test
Ruim,../MINDS_tensors_32/Ruim/17RuimSinalizador06-5.pt,test
Ruim,../MINDS_tensors_32/Ruim/17RuimSinalizador11-2.pt,test
Ruim,../MINDS_tensors_32/Ruim/17RuimSinalizador11-5.pt,test
Aluno,../MINDS_tensors_32/Aluno/02AlunoSinalizador08-2.pt,test
Aluno,../MINDS_tensors_32/Aluno/02AlunoSinalizador08-5.pt,test
Aluno,../MINDS_tensors_32/Aluno/02AlunoSinalizador07-2.pt,test
Aluno,../MINDS_tensors_32/Aluno/02AlunoSinalizador07-5.pt,test
Aluno,../MINDS_tensors_32/Aluno/02AlunoSinalizador11-2.pt,test
Aluno,../MINDS_tensors_32/Aluno/02AlunoSinalizador11-5.pt,test
Aluno,../MINDS_tensors_32/Aluno/02AlunoSinalizador01-2.pt,test
Aluno,../MINDS_tensors_32/Aluno/02AlunoSinalizador01-5.pt,test
Aluno,../MINDS_tensors_32/Aluno/02AlunoSinalizador06-2.pt,test
Aluno,../MINDS_tensors_32/Aluno/02AlunoSinalizador06-5.pt,test
Aluno,../MINDS_tensors_32/Aluno/02AlunoSinalizador10-2.pt,test
Aluno,../MINDS_tensors_32/Aluno/02AlunoSinalizador10-5.pt,test
Aluno,../MINDS_tensors_32/Aluno/02AlunoSinalizador04-2.pt,test
Aluno,../MINDS_tensors_32/Aluno/02AlunoSinalizador04-5.pt,test
Aluno,../MINDS_tensors_32/Aluno/02AlunoSinalizador12-2.pt,test
Aluno,../MINDS_tensors_32/Aluno/02AlunoSinalizador12-5.pt,test
Aluno,../MINDS_tensors_32/Aluno/02AlunoSinalizador05-2.pt,test
Aluno,../MINDS_tensors_32/Aluno/02AlunoSinalizador05-5.pt,test
Aluno,../MINDS_tensors_32/Aluno/02AlunoSinalizador02-2.pt,test
Aluno,../MINDS_tensors_32/Aluno/02AlunoSinalizador02-5.pt,test
Aluno,../MINDS_tensors_32/Aluno/02AlunoSinalizador09-2.pt,test
Aluno,../MINDS_tensors_32/Aluno/02AlunoSinalizador09-5.pt,test
Banco,../MINDS_tensors_32/Banco/07BancoSinalizador01-2.pt,test
Banco,../MINDS_tensors_32/Banco/07BancoSinalizador01-5.pt,test
Banco,../MINDS_tensors_32/Banco/07BancoSinalizador07-2.pt,test
Banco,../MINDS_tensors_32/Banco/07BancoSinalizador07-5.pt,test
Banco,../MINDS_tensors_32/Banco/07BancoSinalizador10-2.pt,test
Banco,../MINDS_tensors_32/Banco/07BancoSinalizador10-5.pt,test
Banco,../MINDS_tensors_32/Banco/07BancoSinalizador06-2.pt,test
Banco,../MINDS_tensors_32/Banco/07BancoSinalizador06-5.pt,test
Banco,../MINDS_tensors_32/Banco/07BancoSinalizador05-2.pt,test
Banco,../MINDS_tensors_32/Banco/07BancoSinalizador05-5.pt,test
Banco,../MINDS_tensors_32/Banco/07BancoSinalizador04-2.pt,test
Banco,../MINDS_tensors_32/Banco/07BancoSinalizador04-5.pt,test
Banco,../MINDS_tensors_32/Banco/07BancoSinalizador02-2.pt,test
Banco,../MINDS_tensors_32/Banco/07BancoSinalizador02-5.pt,test
Banco,../MINDS_tensors_32/Banco/07BancoSinalizador12-2.pt,test
Banco,../MINDS_tensors_32/Banco/07BancoSinalizador12-5.pt,test
Banco,../MINDS_tensors_32/Banco/07BancoSinalizador03-2.pt,test
Banco,../MINDS_tensors_32/Banco/07BancoSinalizador03-5.pt,test
Banco,../MINDS_tensors_32/Banco/07BancoSinalizador11-2.pt,test
Banco,../MINDS_tensors_32/Banco/07BancoSinalizador11-5.pt,test
Banco,../MINDS_tensors_32/Banco/07BancoSinalizador09-2.pt,test
Banco,../MINDS_tensors_32/Banco/07BancoSinalizador09-5.pt,test
Banco,../MINDS_tensors_32/Banco/07BancoSinalizador08-2.pt,test
Banco,../MINDS_tensors_32/Banco/07BancoSinalizador08-5.pt,test
Acontecer,../MINDS_tensors_32/Acontecer/01AcontecerSinalizador02-2.pt,test
Acontecer,../MINDS_tensors_32/Acontecer/01AcontecerSinalizador02-5.pt,test
Acontecer,../MINDS_tensors_32/Acontecer/01AcontecerSinalizador05-2.pt,test
Acontecer,../MINDS_tensors_32/Acontecer/01AcontecerSinalizador05-5.pt,test
Acontecer,../MINDS_tensors_32/Acontecer/01AcontecerSinalizador07-2.pt,test
Acontecer,../MINDS_tensors_32/Acontecer/01AcontecerSinalizador07-5.pt,test
Acontecer,../MINDS_tensors_32/Acontecer/01AcontecerSinalizador11-2.pt,test
Acontecer,../MINDS_tensors_32/Acontecer/01AcontecerSinalizador11-5.pt,test
Acontecer,../MINDS_tensors_32/Acontecer/01AcontecerSinalizador08-2.pt,test
Acontecer,../MINDS_tensors_32/Acontecer/01AcontecerSinalizador08-5.pt,test
Acontecer,../MINDS_tensors_32/Acontecer/01AcontecerSinalizador04-2.pt,test
Acontecer,../MINDS_tensors_32/Acontecer/01AcontecerSinalizador04-5.pt,test
Acontecer,../MINDS_tensors_32/Acontecer/01AcontecerSinalizador03-2.pt,test
Acontecer,../MINDS_tensors_32/Acontecer/01AcontecerSinalizador03-5.pt,test
Acontecer,../MINDS_tensors_32/Acontecer/01AcontecerSinalizador01-2.pt,test
Acontecer,../MINDS_tensors_32/Acontecer/01AcontecerSinalizador01-5.pt,test
Acontecer,../MINDS_tensors_32/Acontecer/01AcontecerSinalizador06-2.pt,test
Acontecer,../MINDS_tensors_32/Acontecer/01AcontecerSinalizador06-5.pt,test
Acontecer,../MINDS_tensors_32/Acontecer/01AcontecerSinalizador12-2.pt,test
Acontecer,../MINDS_tensors_32/Acontecer/01AcontecerSinalizador12-5.pt,test
Acontecer,../MINDS_tensors_32/Acontecer/01AcontecerSinalizador09-2.pt,test
Acontecer,../MINDS_tensors_32/Acontecer/01AcontecerSinalizador09-5.pt,test
Acontecer,../MINDS_tensors_32/Acontecer/01AcontecerSinalizador10-2.pt,test
Acontecer,../MINDS_tensors_32/Acontecer/01AcontecerSinalizador10-5.pt,test
Barulho,../MINDS_tensors_32/Barulho/09BarulhoSinalizador08-2.pt,test
Barulho,../MINDS_tensors_32/Barulho/09BarulhoSinalizador08-5.pt,test
Barulho,../MINDS_tensors_32/Barulho/09BarulhoSinalizador02-2.pt,test
Barulho,../MINDS_tensors_32/Barulho/09BarulhoSinalizador02-5.pt,test
Barulho,../MINDS_tensors_32/Barulho/09BarulhoSinalizador12-2.pt,test
Barulho,../MINDS_tensors_32/Barulho/09BarulhoSinalizador12-5.pt,test
Barulho,../MINDS_tensors_32/Barulho/09BarulhoSinalizador05-2.pt,test
Barulho,../MINDS_tensors_32/Barulho/09BarulhoSinalizador05-5.pt,test
Barulho,../MINDS_tensors_32/Barulho/09BarulhoSinalizador11-2.pt,test
Barulho,../MINDS_tensors_32/Barulho/09BarulhoSinalizador11-5.pt,test
Barulho,../MINDS_tensors_32/Barulho/09BarulhoSinalizador07-1.pt,test
Barulho,../MINDS_tensors_32/Barulho/09BarulhoSinalizador07-2.pt,test
Barulho,../MINDS_tensors_32/Barulho/09BarulhoSinalizador03-2.pt,test
Barulho,../MINDS_tensors_32/Barulho/09BarulhoSinalizador03-5.pt,test
Barulho,../MINDS_tensors_32/Barulho/09BarulhoSinalizador04-2.pt,test
Barulho,../MINDS_tensors_32/Barulho/09BarulhoSinalizador04-5.pt,test
Barulho,../MINDS_tensors_32/Barulho/09BarulhoSinalizador01-2.pt,test
Barulho,../MINDS_tensors_32/Barulho/09BarulhoSinalizador01-5.pt,test
Barulho,../MINDS_tensors_32/Barulho/09BarulhoSinalizador09-2.pt,test
Barulho,../MINDS_tensors_32/Barulho/09BarulhoSinalizador09-5.pt,test
Barulho,../MINDS_tensors_32/Barulho/09BarulhoSinalizador06-2.pt,test
Barulho,../MINDS_tensors_32/Barulho/09BarulhoSinalizador06-5.pt,test
Barulho,../MINDS_tensors_32/Barulho/09BarulhoSinalizador10-2.pt,test
Barulho,../MINDS_tensors_32/Barulho/09BarulhoSinalizador10-5.pt,test
Medo,../MINDS_tensors_32/Medo/16MedoSinalizador05-2.pt,test
Medo,../MINDS_tensors_32/Medo/16MedoSinalizador05-5.pt,test
Medo,../MINDS_tensors_32/Medo/16MedoSinalizador07-2.pt,test
Medo,../MINDS_tensors_32/Medo/16MedoSinalizador07-5.pt,test
Medo,../MINDS_tensors_32/Medo/16MedoSinalizador08-2.pt,test
Medo,../MINDS_tensors_32/Medo/16MedoSinalizador08-5.pt,test
Medo,../MINDS_tensors_32/Medo/16MedoSinalizador01-2.pt,test
Medo,../MINDS_tensors_32/Medo/16MedoSinalizador01-5.pt,test
Medo,../MINDS_tensors_32/Medo/16MedoSinalizador06-2.pt,test
Medo,../MINDS_tensors_32/Medo/16MedoSinalizador06-5.pt,test
Medo,../MINDS_tensors_32/Medo/16MedoSinalizador02-2.pt,test
Medo,../MINDS_tensors_32/Medo/16MedoSinalizador02-5.pt,test
Medo,../MINDS_tensors_32/Medo/16MedoSinalizador12-2.pt,test
Medo,../MINDS_tensors_32/Medo/16MedoSinalizador12-5.pt,test
Medo,../MINDS_tensors_32/Medo/16MedoSinalizador11-2.pt,test
Medo,../MINDS_tensors_32/Medo/16MedoSinalizador11-5.pt,test
Medo,../MINDS_tensors_32/Medo/16MedoSinalizador04-2.pt,test
Medo,../MINDS_tensors_32/Medo/16MedoSinalizador04-5.pt,test
Medo,../MINDS_tensors_32/Medo/16MedoSinalizador03-2.pt,test
Medo,../MINDS_tensors_32/Medo/16MedoSinalizador03-5.pt,test
Medo,../MINDS_tensors_32/Medo/16MedoSinalizador10-2.pt,test
Medo,../MINDS_tensors_32/Medo/16MedoSinalizador10-5.pt,test
Sapo,../MINDS_tensors_32/Sapo/18SapoSinalizador04-2.pt,test
Sapo,../MINDS_tensors_32/Sapo/18SapoSinalizador04-5.pt,test
Sapo,../MINDS_tensors_32/Sapo/18SapoSinalizador01-2.pt,test
Sapo,../MINDS_tensors_32/Sapo/18SapoSinalizador01-5.pt,test
Sapo,../MINDS_tensors_32/Sapo/18SapoSinalizador12-2.pt,test
Sapo,../MINDS_tensors_32/Sapo/18SapoSinalizador12-5.pt,test
Sapo,../MINDS_tensors_32/Sapo/18SapoSinalizador10-2.pt,test
Sapo,../MINDS_tensors_32/Sapo/18SapoSinalizador10-5.pt,test
Sapo,../MINDS_tensors_32/Sapo/18SapoSinalizador06-2.pt,test
Sapo,../MINDS_tensors_32/Sapo/18SapoSinalizador06-5.pt,test
Sapo,../MINDS_tensors_32/Sapo/18SapoSinalizador09-2.pt,test
Sapo,../MINDS_tensors_32/Sapo/18SapoSinalizador09-5.pt,test
Sapo,../MINDS_tensors_32/Sapo/18SapoSinalizador08-2.pt,test
Sapo,../MINDS_tensors_32/Sapo/18SapoSinalizador08-5.pt,test
Sapo,../MINDS_tensors_32/Sapo/18SapoSinalizador03-2.pt,test
Sapo,../MINDS_tensors_32/Sapo/18SapoSinalizador03-5.pt,test
Sapo,../MINDS_tensors_32/Sapo/18SapoSinalizador02-2.pt,test
Sapo,../MINDS_tensors_32/Sapo/18SapoSinalizador02-5.pt,test
Sapo,../MINDS_tensors_32/Sapo/18SapoSinalizador11-2.pt,test
Sapo,../MINDS_tensors_32/Sapo/18SapoSinalizador11-5.pt,test
Sapo,../MINDS_tensors_32/Sapo/18SapoSinalizador05-2.pt,test
Sapo,../MINDS_tensors_32/Sapo/18SapoSinalizador05-5.pt,test
Sapo,../MINDS_tensors_32/Sapo/18SapoSinalizador07-2.pt,test
Sapo,../MINDS_tensors_32/Sapo/18SapoSinalizador07-5.pt,test
Esquina,../MINDS_tensors_32/Esquina/13EsquinaSinalizador01-2.pt,test
Esquina,../MINDS_tensors_32/Esquina/13EsquinaSinalizador01-5.pt,test
Esquina,../MINDS_tensors_32/Esquina/13EsquinaSinalizador10-2.pt,test
Esquina,../MINDS_tensors_32/Esquina/13EsquinaSinalizador10-5.pt,test
Esquina,../MINDS_tensors_32/Esquina/13EsquinaSinalizador08-2.pt,test
Esquina,../MINDS_tensors_32/Esquina/13EsquinaSinalizador08-5.pt,test
Esquina,../MINDS_tensors_32/Esquina/13EsquinaSinalizador03-2.pt,test
Esquina,../MINDS_tensors_32/Esquina/13EsquinaSinalizador03-5.pt,test
Esquina,../MINDS_tensors_32/Esquina/13EsquinaSinalizador06-2.pt,test
Esquina,../MINDS_tensors_32/Esquina/13EsquinaSinalizador06-5.pt,test
Esquina,../MINDS_tensors_32/Esquina/13EsquinaSinalizador05-2.pt,test
Esquina,../MINDS_tensors_32/Esquina/13EsquinaSinalizador05-5.pt,test
Esquina,../MINDS_tensors_32/Esquina/13EsquinaSinalizador07-2.pt,test
Esquina,../MINDS_tensors_32/Esquina/13EsquinaSinalizador07-5.pt,test
Esquina,../MINDS_tensors_32/Esquina/13EsquinaSinalizador12-2.pt,test
Esquina,../MINDS_tensors_32/Esquina/13EsquinaSinalizador12-5.pt,test
Esquina,../MINDS_tensors_32/Esquina/13EsquinaSinalizador04-2.pt,test
Esquina,../MINDS_tensors_32/Esquina/13EsquinaSinalizador04-5.pt,test
Esquina,../MINDS_tensors_32/Esquina/13EsquinaSinalizador02-2.pt,test
Esquina,../MINDS_tensors_32/Esquina/13EsquinaSinalizador02-5.pt,test
Esquina,../MINDS_tensors_32/Esquina/13EsquinaSinalizador11-2.pt,test
Esquina,../MINDS_tensors_32/Esquina/13EsquinaSinalizador11-5.pt,test
