Palavra,Link,Instituicao
Antebraço,https://sistemas.cead.ufv.br/capes/dicionario/wp-content/uploads/2017/10/antebra%C3%A7o.mp4,UFV
Ânus,https://sistemas.cead.ufv.br/capes/dicionario/wp-content/uploads/2017/10/822-anus.mp4,UFV
Barriga,https://sistemas.cead.ufv.br/capes/dicionario/wp-content/uploads/2017/10/823-barriga.mp4,UFV
Boca,https://sistemas.cead.ufv.br/capes/dicionario/wp-content/uploads/2017/10/01154-boca.mp4,UFV
Braço,https://sistemas.cead.ufv.br/capes/dicionario/wp-content/uploads/2017/10/833-bra%C3%A7o.mp4,UFV
Cabeça,https://sistemas.cead.ufv.br/capes/dicionario/wp-content/uploads/2017/10/834-cabe%C3%A7a.mp4,UFV
Cabelo,https://sistemas.cead.ufv.br/capes/dicionario/wp-content/uploads/2017/10/01155-cabelo.mp4,UFV
Cérebro,https://sistemas.cead.ufv.br/capes/dicionario/wp-content/uploads/2017/10/824-cerebro.mp4,UFV
Cintura,https://sistemas.cead.ufv.br/capes/dicionario/wp-content/uploads/2017/10/01157-cintura.mp4,UFV
Coluna,https://sistemas.cead.ufv.br/capes/dicionario/wp-content/uploads/2017/10/01159-costas.mp4,UFV
Coração,https://sistemas.cead.ufv.br/capes/dicionario/wp-content/uploads/2017/10/01158-coracao.mp4,UFV
Corpo,https://sistemas.cead.ufv.br/capes/dicionario/wp-content/uploads/2017/10/831-corpohumano.mp4,UFV
Cotovelo,https://sistemas.cead.ufv.br/capes/dicionario/wp-content/uploads/2017/10/01160-cotovelo.mp4,UFV
Coxa,https://sistemas.cead.ufv.br/capes/dicionario/wp-content/uploads/2017/10/01161-coxa.mp4,UFV
Dedo,https://sistemas.cead.ufv.br/capes/dicionario/wp-content/uploads/2017/10/01162-dedo.mp4,UFV
Dente,https://sistemas.cead.ufv.br/capes/dicionario/wp-content/uploads/2017/10/01163-dente.mp4,UFV
Faringe,https://sistemas.cead.ufv.br/capes/dicionario/wp-content/uploads/2017/10/01165-faringe.mp4,UFV
Fígado,https://sistemas.cead.ufv.br/capes/dicionario/wp-content/uploads/2017/12/827-figado.mp4,UFV
Garganta,https://sistemas.cead.ufv.br/capes/dicionario/wp-content/uploads/2017/10/835-garganta.mp4,UFV
Intestino delgado,https://sistemas.cead.ufv.br/capes/dicionario/wp-content/uploads/2017/10/836-intestino.mp4,UFV
Joelho,https://sistemas.cead.ufv.br/capes/dicionario/wp-content/uploads/2017/10/01166-joelho.mp4,UFV
Língua,https://sistemas.cead.ufv.br/capes/dicionario/wp-content/uploads/2017/10/837-lingua.mp4,UFV
Mão,https://sistemas.cead.ufv.br/capes/dicionario/wp-content/uploads/2017/10/01167-mao.mp4,UFV
Nariz,https://sistemas.cead.ufv.br/capes/dicionario/wp-content/uploads/2017/10/838-nariz.mp4,UFV
Olho,https://sistemas.cead.ufv.br/capes/dicionario/wp-content/uploads/2017/10/01168-olho.mp4,UFV
Ombro,https://sistemas.cead.ufv.br/capes/dicionario/wp-content/uploads/2017/10/01169-ombro.mp4,UFV
Orelha,https://sistemas.cead.ufv.br/capes/dicionario/wp-content/uploads/2017/12/1170-orelha.mp4,UFV
Osso,https://sistemas.cead.ufv.br/capes/dicionario/wp-content/uploads/2017/10/840-osso.mp4,UFV
Ovário,https://sistemas.cead.ufv.br/capes/dicionario/wp-content/uploads/2017/10/1171-ovario.mp4,UFV
Pé,https://sistemas.cead.ufv.br/capes/dicionario/wp-content/uploads/2017/10/1172-pe.mp4,UFV
Pele,https://sistemas.cead.ufv.br/capes/dicionario/wp-content/uploads/2017/10/1173-pele.mp4,UFV
Pênis,https://sistemas.cead.ufv.br/capes/dicionario/wp-content/uploads/2017/10/828-penis.mp4,UFV
Perna,https://sistemas.cead.ufv.br/capes/dicionario/wp-content/uploads/2017/12/1174-perna.mp4,UFV
Pescoço,https://sistemas.cead.ufv.br/capes/dicionario/wp-content/uploads/2017/10/1175-pesco%C3%A7o.mp4,UFV
Pulmão,https://sistemas.cead.ufv.br/capes/dicionario/wp-content/uploads/2017/10/830-pulmao.mp4,UFV
Rins,https://sistemas.cead.ufv.br/capes/dicionario/wp-content/uploads/2017/12/1176-rins.mp4,UFV
Sangue,https://sistemas.cead.ufv.br/capes/dicionario/wp-content/uploads/2017/11/841-sangue.mp4,UFV
Sobrancelhas,https://sistemas.cead.ufv.br/capes/dicionario/wp-content/uploads/2017/11/1178-sobrancelhas.mp4,UFV
Unha,https://sistemas.cead.ufv.br/capes/dicionario/wp-content/uploads/2017/11/842-unha.mp4,UFV
Útero,https://sistemas.cead.ufv.br/capes/dicionario/wp-content/uploads/2017/11/843-utero.mp4,UFV
Vagina,https://sistemas.cead.ufv.br/capes/dicionario/wp-content/uploads/2017/11/1179-vagina.mp4,UFV
Abstrato,https://sistemas.cead.ufv.br/capes/dicionario/wp-content/uploads/2017/10/abstrato.mp4,UFV
Acessibilidade,https://sistemas.cead.ufv.br/capes/dicionario/wp-content/uploads/2017/10/acessibilidade.mp4,UFV
Adjetivo,https://sistemas.cead.ufv.br/capes/dicionario/wp-content/uploads/2017/10/adjetivo-1.mp4,UFV
Adotar,https://sistemas.cead.ufv.br/capes/dicionario/wp-content/uploads/2017/11/888-adotar.mp4,UFV
Agramatical,https://sistemas.cead.ufv.br/capes/dicionario/wp-content/uploads/2017/10/agramatical.mp4,UFV
Alfabetização,https://sistemas.cead.ufv.br/capes/dicionario/wp-content/uploads/2017/10/alfabetiza%C3%A7%C3%A3o-1.mp4,UFV
Algoritmo,https://sistemas.cead.ufv.br/capes/dicionario/wp-content/uploads/2017/10/algoritmo.mp4,UFV
Alofone,https://sistemas.cead.ufv.br/capes/dicionario/wp-content/uploads/2017/10/alofone.mp4,UFV
Alomorfe,https://sistemas.cead.ufv.br/capes/dicionario/wp-content/uploads/2017/10/alomorfe.mp4,UFV
Ambiguidade,https://sistemas.cead.ufv.br/capes/dicionario/wp-content/uploads/2017/10/ambiguidade.mp4,UFV
Análise do discurso,https://sistemas.cead.ufv.br/capes/dicionario/wp-content/uploads/2017/10/analise-do-discurso.mp4,UFV
Analogia,https://sistemas.cead.ufv.br/capes/dicionario/wp-content/uploads/2017/10/analogia.mp4,UFV
Antonímia,https://sistemas.cead.ufv.br/capes/dicionario/wp-content/uploads/2017/10/antonimia.mp4,UFV
Aplicativo,https://sistemas.cead.ufv.br/capes/dicionario/wp-content/uploads/2017/10/aplicativo.mp4,UFV
Aprendizagem,https://sistemas.cead.ufv.br/capes/dicionario/wp-content/uploads/2017/10/aprendizagem.mp4,UFV
Aquisição da língua de sinais,https://sistemas.cead.ufv.br/capes/dicionario/wp-content/uploads/2017/10/aquisi%C3%A7%C3%A3o-da-lingua-de-sinais.mp4,UFV
Aquisição da linguagem,https://sistemas.cead.ufv.br/capes/dicionario/wp-content/uploads/2017/10/aquisi%C3%A7%C3%A3o-da-linguagem.mp4,UFV
Aquisição de segunda língua,https://sistemas.cead.ufv.br/capes/dicionario/wp-content/uploads/2017/10/aquisi%C3%A7%C3%A3o-de-segunda-l%C3%ADngua.mp4,UFV
Arbitrariedade,https://sistemas.cead.ufv.br/capes/dicionario/wp-content/uploads/2017/10/arbitrariedade.mp4,UFV
Argumento,https://sistemas.cead.ufv.br/capes/dicionario/wp-content/uploads/2017/10/argumento.mp4,UFV
Aristóteles,https://sistemas.cead.ufv.br/capes/dicionario/wp-content/uploads/2017/10/arist%C3%B3teles.mp4,UFV
Automática,https://sistemas.cead.ufv.br/capes/dicionario/wp-content/uploads/2017/10/autom%C3%A1tica.mp4,UFV
Balbucio,https://sistemas.cead.ufv.br/capes/dicionario/wp-content/uploads/2017/10/balbucio.mp4,UFV
Banco de dados,https://sistemas.cead.ufv.br/capes/dicionario/wp-content/uploads/2017/10/banco-de-dados.mp4,UFV
Bidirecional,https://sistemas.cead.ufv.br/capes/dicionario/wp-content/uploads/2017/10/bidirecional.mp4,UFV
Binário,https://sistemas.cead.ufv.br/capes/dicionario/wp-content/uploads/2017/10/binario.mp4,UFV
Código binário,https://sistemas.cead.ufv.br/capes/dicionario/wp-content/uploads/2017/10/codigo-binario.mp4,UFV
Cinco,https://sistemas.cead.ufv.br/capes/dicionario/wp-content/uploads/2018/01/1341-cinco.mp4,UFV
Dez,https://sistemas.cead.ufv.br/capes/dicionario/wp-content/uploads/2018/01/1342-dez.mp4,UFV
Dois,https://sistemas.cead.ufv.br/capes/dicionario/wp-content/uploads/2018/01/1343-dois.mp4,UFV
Nove,https://sistemas.cead.ufv.br/capes/dicionario/wp-content/uploads/2018/01/1344-nove.mp4,UFV
Número,https://sistemas.cead.ufv.br/capes/dicionario/wp-content/uploads/2018/01/1345-numero.mp4,UFV
Oito,https://sistemas.cead.ufv.br/capes/dicionario/wp-content/uploads/2018/01/1346-oito.mp4,UFV
Quatro,https://sistemas.cead.ufv.br/capes/dicionario/wp-content/uploads/2018/01/1347-quatro.mp4,UFV
Seis,https://sistemas.cead.ufv.br/capes/dicionario/wp-content/uploads/2018/01/1348-seis.mp4,UFV
Sete,https://sistemas.cead.ufv.br/capes/dicionario/wp-content/uploads/2018/01/1349-sete.mp4,UFV
Três,https://sistemas.cead.ufv.br/capes/dicionario/wp-content/uploads/2018/01/1350-tres.mp4,UFV
Um,https://sistemas.cead.ufv.br/capes/dicionario/wp-content/uploads/2018/01/1351-um.mp4,UFV
Zero,https://sistemas.cead.ufv.br/capes/dicionario/wp-content/uploads/2018/01/1352-zero.mp4,UFV
Abacate,https://sistemas.cead.ufv.br/capes/dicionario/wp-content/uploads/2018/09/Abacate.mp4,UFV
Abacaxi,https://sistemas.cead.ufv.br/capes/dicionario/wp-content/uploads/2018/09/abacaxi.mp4,UFV
Abóbora,https://sistemas.cead.ufv.br/capes/dicionario/wp-content/uploads/2018/09/ab%C3%B3bora.mp4,UFV
Açaí,https://sistemas.cead.ufv.br/capes/dicionario/wp-content/uploads/2018/09/a%C3%A7a%C3%AD.mp4,UFV
Acerola,https://sistemas.cead.ufv.br/capes/dicionario/wp-content/uploads/2018/09/acerola.mp4,UFV
Achocolatado,https://sistemas.cead.ufv.br/capes/dicionario/wp-content/uploads/2018/09/achocolatado.mp4,UFV
Açúcar,https://sistemas.cead.ufv.br/capes/dicionario/wp-content/uploads/2018/09/a%C3%A7%C3%BAcar.mp4,UFV
Água de coco,https://sistemas.cead.ufv.br/capes/dicionario/wp-content/uploads/2018/09/%C3%A1gua-de-coco.mp4,UFV
Alface,https://sistemas.cead.ufv.br/capes/dicionario/wp-content/uploads/2018/09/alface.mp4,UFV
Alho,https://sistemas.cead.ufv.br/capes/dicionario/wp-content/uploads/2018/09/alho.mp4,UFV
Amendoim,https://sistemas.cead.ufv.br/capes/dicionario/wp-content/uploads/2018/09/amendoim.mp4,UFV
Amora,https://sistemas.cead.ufv.br/capes/dicionario/wp-content/uploads/2018/09/amora.mp4,UFV
Arroz,https://sistemas.cead.ufv.br/capes/dicionario/wp-content/uploads/2018/09/arroz.mp4,UFV
Azeite,https://sistemas.cead.ufv.br/capes/dicionario/wp-content/uploads/2018/09/azeite.mp4,UFV
Azeitona,https://sistemas.cead.ufv.br/capes/dicionario/wp-content/uploads/2018/09/azeitona.mp4,UFV
Bacon,https://sistemas.cead.ufv.br/capes/dicionario/wp-content/uploads/2018/08/bacon.mp4,UFV
Bala,https://sistemas.cead.ufv.br/capes/dicionario/wp-content/uploads/2018/09/bala.mp4,UFV
Banana,https://sistemas.cead.ufv.br/capes/dicionario/wp-content/uploads/2018/09/banana.mp4,UFV
Batata,https://sistemas.cead.ufv.br/capes/dicionario/wp-content/uploads/2018/09/batata.mp4,UFV
Batata Frita,https://sistemas.cead.ufv.br/capes/dicionario/wp-content/uploads/2018/08/batata-frita.mp4,UFV
Berinjela,https://sistemas.cead.ufv.br/capes/dicionario/wp-content/uploads/2018/09/berinjela.mp4,UFV
Bife,https://sistemas.cead.ufv.br/capes/dicionario/wp-content/uploads/2018/09/bife.mp4,UFV
Biscoito água e sal,https://sistemas.cead.ufv.br/capes/dicionario/wp-content/uploads/2018/09/biscoito-%C3%A1gua-e-sal.mp4,UFV
Bolo,https://sistemas.cead.ufv.br/capes/dicionario/wp-content/uploads/2018/09/bolo.mp4,UFV
Bombom,https://sistemas.cead.ufv.br/capes/dicionario/wp-content/uploads/2018/09/bombom.mp4,UFV
Brócolis,https://sistemas.cead.ufv.br/capes/dicionario/wp-content/uploads/2018/09/brocolis.mp4,UFV
Café,https://sistemas.cead.ufv.br/capes/dicionario/wp-content/uploads/2018/09/caf%C3%A9.mp4,UFV
Caju,https://sistemas.cead.ufv.br/capes/dicionario/wp-content/uploads/2018/09/caju.mp4,UFV
Caqui,https://sistemas.cead.ufv.br/capes/dicionario/wp-content/uploads/2018/09/caqui.mp4,UFV
Carne,https://sistemas.cead.ufv.br/capes/dicionario/wp-content/uploads/2018/09/carne.mp4,UFV
Cebola,https://sistemas.cead.ufv.br/capes/dicionario/wp-content/uploads/2018/09/cebola.mp4,UFV
Cebolinha,https://sistemas.cead.ufv.br/capes/dicionario/wp-content/uploads/2018/09/cebolinha.mp4,UFV
Cereja,https://sistemas.cead.ufv.br/capes/dicionario/wp-content/uploads/2018/09/cereja.mp4,UFV
Cerveja,https://sistemas.cead.ufv.br/capes/dicionario/wp-content/uploads/2018/09/cerveja.mp4,UFV
Chocolate,https://sistemas.cead.ufv.br/capes/dicionario/wp-content/uploads/2018/09/chocolate.mp4,UFV
Churrasco,https://sistemas.cead.ufv.br/capes/dicionario/wp-content/uploads/2018/09/churrasco.mp4,UFV
Coco,https://sistemas.cead.ufv.br/capes/dicionario/wp-content/uploads/2018/09/coco.mp4,UFV
Cogumelo,https://sistemas.cead.ufv.br/capes/dicionario/wp-content/uploads/2018/09/cogumelo.mp4,UFV
Couve,https://sistemas.cead.ufv.br/capes/dicionario/wp-content/uploads/2018/09/couve.mp4,UFV
Coxinha,https://sistemas.cead.ufv.br/capes/dicionario/wp-content/uploads/2018/09/coxinha.mp4,UFV
Damasco,https://sistemas.cead.ufv.br/capes/dicionario/wp-content/uploads/2018/09/damasco.mp4,UFV
Doce,https://sistemas.cead.ufv.br/capes/dicionario/wp-content/uploads/2018/09/doce.mp4,UFV
Doce de abóbora,https://sistemas.cead.ufv.br/capes/dicionario/wp-content/uploads/2018/09/doce-de-abobora.mp4,UFV
Empada,https://sistemas.cead.ufv.br/capes/dicionario/wp-content/uploads/2018/09/empada.mp4,UFV
Ervilha,https://sistemas.cead.ufv.br/capes/dicionario/wp-content/uploads/2018/09/Ervilha.mp4,UFV
Espinafre,https://sistemas.cead.ufv.br/capes/dicionario/wp-content/uploads/2018/09/espinafre.mp4,UFV
Farinha,https://sistemas.cead.ufv.br/capes/dicionario/wp-content/uploads/2018/09/farinha.mp4,UFV
Farofa,https://sistemas.cead.ufv.br/capes/dicionario/wp-content/uploads/2018/09/farofa.mp4,UFV
Feijão,https://sistemas.cead.ufv.br/capes/dicionario/wp-content/uploads/2018/09/feijao.mp4,UFV
Feijoada,https://sistemas.cead.ufv.br/capes/dicionario/wp-content/uploads/2018/09/feijoada.mp4,UFV
Fermento,https://sistemas.cead.ufv.br/capes/dicionario/wp-content/uploads/2018/05/01673-fermento.mp4,UFV
Figo,https://sistemas.cead.ufv.br/capes/dicionario/wp-content/uploads/2018/09/figo.mp4,UFV
Laranja (Fruta),https://sistemas.cead.ufv.br/capes/dicionario/wp-content/uploads/2017/12/782-laranja.mp4,UFV
Melancia,https://sistemas.cead.ufv.br/capes/dicionario/wp-content/uploads/2017/11/766-melancia.mp4,UFV
Pêra,https://sistemas.cead.ufv.br/capes/dicionario/wp-content/uploads/2017/11/00939-p%C3%AAra.mp4,UFV
Sopa,https://sistemas.cead.ufv.br/capes/dicionario/wp-content/uploads/2018/09/sopa.mp4,UFV
Sorvete,https://sistemas.cead.ufv.br/capes/dicionario/wp-content/uploads/2018/09/sorvete.mp4,UFV
Tomate,https://sistemas.cead.ufv.br/capes/dicionario/wp-content/uploads/2018/09/tomate.mp4,UFV
Torrada,https://sistemas.cead.ufv.br/capes/dicionario/wp-content/uploads/2018/09/torrada.mp4,UFV
Uva,https://sistemas.cead.ufv.br/capes/dicionario/wp-content/uploads/2018/09/uva.mp4,UFV
Vagem,https://sistemas.cead.ufv.br/capes/dicionario/wp-content/uploads/2018/09/vagem.mp4,UFV
Vinho (bebida),https://sistemas.cead.ufv.br/capes/dicionario/wp-content/uploads/2018/09/vinho.mp4,UFV
Vitamina,https://sistemas.cead.ufv.br/capes/dicionario/wp-content/uploads/2017/12/1306-vitamina.mp4,UFV
Vitamina (bebida),https://sistemas.cead.ufv.br/capes/dicionario/wp-content/uploads/2018/09/vitamina_bebida.mp4,UFV
Águia,https://sistemas.cead.ufv.br/capes/dicionario/wp-content/uploads/2018/05/645-aguia.mp4,UFV
Animal,https://sistemas.cead.ufv.br/capes/dicionario/wp-content/uploads/2018/05/561-Animal.mp4,UFV
Asa,https://sistemas.cead.ufv.br/capes/dicionario/wp-content/uploads/2018/05/648-asa.mp4,UFV
Boi,https://sistemas.cead.ufv.br/capes/dicionario/wp-content/uploads/2018/09/boi.mp4,UFV
Burro,https://sistemas.cead.ufv.br/capes/dicionario/wp-content/uploads/2018/09/burro-1.mp4,UFV
Cabrito,https://sistemas.cead.ufv.br/capes/dicionario/wp-content/uploads/2018/09/cabrito.mp4,UFV
Cachorra,https://sistemas.cead.ufv.br/capes/dicionario/wp-content/uploads/2018/09/cachorra.mp4,UFV
Cachorro,https://sistemas.cead.ufv.br/capes/dicionario/wp-content/uploads/2018/09/cachorro.mp4,UFV
Camelo,https://sistemas.cead.ufv.br/capes/dicionario/wp-content/uploads/2018/09/camelo.mp4,UFV
Canguru,https://sistemas.cead.ufv.br/capes/dicionario/wp-content/uploads/2018/09/canguru.mp4,UFV
Caranguejo,https://sistemas.cead.ufv.br/capes/dicionario/wp-content/uploads/2018/09/caranguejo.mp4,UFV
Carneiro,https://sistemas.cead.ufv.br/capes/dicionario/wp-content/uploads/2018/09/carneiro.mp4,UFV
Cascavel,https://sistemas.cead.ufv.br/capes/dicionario/wp-content/uploads/2018/09/cascavel.mp4,UFV
Cavalo,https://sistemas.cead.ufv.br/capes/dicionario/wp-content/uploads/2018/09/cavalo.mp4,UFV
Centopeia,https://sistemas.cead.ufv.br/capes/dicionario/wp-content/uploads/2018/09/centopeia.mp4,UFV
Chifre,https://sistemas.cead.ufv.br/capes/dicionario/class='video-js,UFV
Cobra,https://sistemas.cead.ufv.br/capes/dicionario/wp-content/uploads/2018/09/cobra.mp4,UFV
Coelho,https://sistemas.cead.ufv.br/capes/dicionario/wp-content/uploads/2018/09/coelho.mp4,UFV
Coruja,https://sistemas.cead.ufv.br/capes/dicionario/wp-content/uploads/2018/09/coruja.mp4,UFV
Dinossauro,https://sistemas.cead.ufv.br/capes/dicionario/wp-content/uploads/2018/09/dinossauro.mp4,UFV
Dragão,https://sistemas.cead.ufv.br/capes/dicionario/wp-content/uploads/2018/09/dragao.mp4,UFV
Elefante,https://sistemas.cead.ufv.br/capes/dicionario/wp-content/uploads/2018/09/elefante.mp4,UFV
Tartaruga,https://sistemas.cead.ufv.br/capes/dicionario/wp-content/uploads/2018/09/tartaruga-1.mp4,UFV
Tigre,https://sistemas.cead.ufv.br/capes/dicionario/wp-content/uploads/2018/09/tigre.mp4,UFV
Urso,https://sistemas.cead.ufv.br/capes/dicionario/wp-content/uploads/2018/09/urso.mp4,UFV
Vaca,https://sistemas.cead.ufv.br/capes/dicionario/wp-content/uploads/2018/09/vaca.mp4,UFV
Veado,https://sistemas.cead.ufv.br/capes/dicionario/wp-content/uploads/2018/09/veado.mp4,UFV
Zebra,https://sistemas.cead.ufv.br/capes/dicionario/wp-content/uploads/2018/09/zebra.mp4,UFV
Aniversário,https://sistemas.cead.ufv.br/capes/dicionario/wp-content/uploads/2017/12/446-Aniversario.mp4,UFV
Carnaval,https://sistemas.cead.ufv.br/capes/dicionario/wp-content/uploads/2017/11/451-carnaval.mp4,UFV
Comemoração,https://sistemas.cead.ufv.br/capes/dicionario/wp-content/uploads/2017/11/1226-comemoracao.mp4,UFV
Festa,https://sistemas.cead.ufv.br/capes/dicionario/wp-content/uploads/2017/11/460-festa.mp4,UFV
Festa Junina,https://sistemas.cead.ufv.br/capes/dicionario/wp-content/uploads/2017/11/1228-festajunina.mp4,UFV
Natal (Data comemorativa),https://sistemas.cead.ufv.br/capes/dicionario/wp-content/uploads/2017/11/1243-natalfesta.mp4,UFV
Noivado,https://sistemas.cead.ufv.br/capes/dicionario/wp-content/uploads/2017/11/1231-noivado.mp4,UFV
Páscoa,https://sistemas.cead.ufv.br/capes/dicionario/wp-content/uploads/2017/11/475-pascoa.mp4,UFV
Passeata,https://sistemas.cead.ufv.br/capes/dicionario/wp-content/uploads/2017/11/476-passeata.mp4,UFV
Câmera,https://sistemas.cead.ufv.br/capes/dicionario/wp-content/uploads/2018/09/camera.mp4,UFV
Carta,https://sistemas.cead.ufv.br/capes/dicionario/wp-content/uploads/2017/09/01125-carta.mp4,UFV
Celular,https://sistemas.cead.ufv.br/capes/dicionario/wp-content/uploads/2017/09/01127-celular.mp4,UFV
Certo,https://sistemas.cead.ufv.br/capes/dicionario/wp-content/uploads/2018/09/certo.mp4,UFV
Computador,https://sistemas.cead.ufv.br/capes/dicionario/wp-content/uploads/2017/10/01128-computador.mp4,UFV
Comunicação,https://sistemas.cead.ufv.br/capes/dicionario/wp-content/uploads/2017/10/01129-comunicacao.mp4,UFV
Convite,https://sistemas.cead.ufv.br/capes/dicionario/wp-content/uploads/2017/10/01130-convite.mp4,UFV
Correio,https://sistemas.cead.ufv.br/capes/dicionario/wp-content/uploads/2017/10/01131-correio.mp4,UFV
Desligado,https://sistemas.cead.ufv.br/capes/dicionario/wp-content/uploads/2018/09/desligado.mp4,UFV
E-Mail,https://sistemas.cead.ufv.br/capes/dicionario/wp-content/uploads/2017/10/01132-emailcorreio-eletronico.mp4,UFV
Facebook,https://sistemas.cead.ufv.br/capes/dicionario/wp-content/uploads/2017/10/01133-facebook.mp4,UFV
Fax,https://sistemas.cead.ufv.br/capes/dicionario/wp-content/uploads/2017/10/01134-fax.mp4,UFV
Informação,https://sistemas.cead.ufv.br/capes/dicionario/wp-content/uploads/2017/10/01138-informacao.mp4,UFV
Internet,https://sistemas.cead.ufv.br/capes/dicionario/wp-content/uploads/2017/10/01139-internet.mp4,UFV
Jornal,https://sistemas.cead.ufv.br/capes/dicionario/wp-content/uploads/2017/10/01140-jornal.mp4,UFV
Novela,https://sistemas.cead.ufv.br/capes/dicionario/wp-content/uploads/2017/10/01141-novela.mp4,UFV
Orelhão,https://sistemas.cead.ufv.br/capes/dicionario/wp-content/uploads/2017/10/01142-orelhao.mp4,UFV
Programa,https://sistemas.cead.ufv.br/capes/dicionario/wp-content/uploads/2017/10/01146-programa.mp4,UFV
Propaganda,https://sistemas.cead.ufv.br/capes/dicionario/wp-content/uploads/2017/10/01147-propaganda.mp4,UFV
Rádio,https://sistemas.cead.ufv.br/capes/dicionario/wp-content/uploads/2017/10/01148-radio.mp4,UFV
Revista,https://sistemas.cead.ufv.br/capes/dicionario/wp-content/uploads/2017/10/01150-revista.mp4,UFV
Vídeo game,https://sistemas.cead.ufv.br/capes/dicionario/wp-content/uploads/2018/09/videogame.mp4,UFV
Aço,https://sistemas.cead.ufv.br/capes/dicionario/wp-content/uploads/2017/12/1282-a%C3%A7o.mp4,UFV
Asfalto,https://sistemas.cead.ufv.br/capes/dicionario/wp-content/uploads/2017/12/1286-asfalto.mp4,UFV
Casa,https://sistemas.cead.ufv.br/capes/dicionario/wp-content/uploads/2018/09/casa.mp4,UFV
Cimento,https://sistemas.cead.ufv.br/capes/dicionario/wp-content/uploads/2017/12/1289-cimento.mp4,UFV
Construção,https://sistemas.cead.ufv.br/capes/dicionario/wp-content/uploads/2018/01/687-construcao.mp4,UFV
Muro,https://sistemas.cead.ufv.br/capes/dicionario/wp-content/uploads/2018/01/01487-Muro.mp4,UFV
Prédio,https://sistemas.cead.ufv.br/capes/dicionario/wp-content/uploads/2018/01/01492-Pr%C3%A9dio.mp4,UFV
Tijolo,https://sistemas.cead.ufv.br/capes/dicionario/wp-content/uploads/2018/04/01501-Tijolo.mp4,UFV
Torneira,https://sistemas.cead.ufv.br/capes/dicionario/wp-content/uploads/2018/09/torneira.mp4,UFV
Amarelo,https://sistemas.cead.ufv.br/capes/dicionario/wp-content/uploads/2017/10/810-amarelocor.mp4,UFV
Azul,https://sistemas.cead.ufv.br/capes/dicionario/wp-content/uploads/2017/10/844-azul.mp4,UFV
Bege,https://sistemas.cead.ufv.br/capes/dicionario/wp-content/uploads/2017/10/811-begecor.mp4,UFV
Branco,https://sistemas.cead.ufv.br/capes/dicionario/wp-content/uploads/2017/10/812-brancocor.mp4,UFV
Bronze,https://sistemas.cead.ufv.br/capes/dicionario/wp-content/uploads/2017/12/1288-bronze.mp4,UFV
Cinza,https://sistemas.cead.ufv.br/capes/dicionario/wp-content/uploads/2017/10/805-cinzacor.mp4,UFV
Claro,https://sistemas.cead.ufv.br/capes/dicionario/wp-content/uploads/2017/10/806-clarocor.mp4,UFV
Escuro,https://sistemas.cead.ufv.br/capes/dicionario/wp-content/uploads/2017/10/813-escurocor.mp4,UFV
Laranja (cor),https://sistemas.cead.ufv.br/capes/dicionario/wp-content/uploads/2017/10/814-laranjacor.mp4,UFV
Lilás,https://sistemas.cead.ufv.br/capes/dicionario/wp-content/uploads/2017/12/01153-lil%C3%A1s.mp4,UFV
Marrom,https://sistemas.cead.ufv.br/capes/dicionario/wp-content/uploads/2017/10/868-marrom.mp4,UFV
Preto,https://sistemas.cead.ufv.br/capes/dicionario/wp-content/uploads/2017/10/807-pretocor.mp4,UFV
Rosa (cor),https://sistemas.cead.ufv.br/capes/dicionario/wp-content/uploads/2018/05/01798-rosacor.mp4,UFV
Roxo,https://sistemas.cead.ufv.br/capes/dicionario/wp-content/uploads/2017/10/876-roxo.mp4,UFV
Verde,https://sistemas.cead.ufv.br/capes/dicionario/wp-content/uploads/2017/10/817-verdecor.mp4,UFV
Vermelho,https://sistemas.cead.ufv.br/capes/dicionario/wp-content/uploads/2017/10/818-vermelhocor.mp4,UFV
Vinho (cor),https://sistemas.cead.ufv.br/capes/dicionario/wp-content/uploads/2017/10/809-vinhocor.mp4,UFV
Barba,https://sistemas.cead.ufv.br/capes/dicionario/wp-content/uploads/2017/10/832-barba.mp4,UFV
Bunda,https://sistemas.cead.ufv.br/capes/dicionario/wp-content/uploads/2018/09/bunda-2.mp4,UFV
Calcanhar,https://sistemas.cead.ufv.br/capes/dicionario/wp-content/uploads/2018/09/calcanhar.mp4,UFV
Caveira,https://sistemas.cead.ufv.br/capes/dicionario/wp-content/uploads/2018/09/caveira.mp4,UFV
Cílios,https://sistemas.cead.ufv.br/capes/dicionario/wp-content/uploads/2018/09/cilio.mp4,UFV
Dedo anelar,https://sistemas.cead.ufv.br/capes/dicionario/wp-content/uploads/2018/09/dedo-anelar.mp4,UFV
Dedo indicador,https://sistemas.cead.ufv.br/capes/dicionario/wp-content/uploads/2018/09/dedo-indicador.mp4,UFV
Dedo médio,https://sistemas.cead.ufv.br/capes/dicionario/wp-content/uploads/2018/09/dedo-medio.mp4,UFV
Dedo mínimo,https://sistemas.cead.ufv.br/capes/dicionario/wp-content/uploads/2018/09/dedo-medio-1.mp4,UFV
Dedo polegar,https://sistemas.cead.ufv.br/capes/dicionario/wp-content/uploads/2018/09/dedo-polegar.mp4,UFV
Fezes,https://sistemas.cead.ufv.br/capes/dicionario/wp-content/uploads/2017/12/1298-fezes.mp4,UFV
Higiene,https://sistemas.cead.ufv.br/capes/dicionario/wp-content/uploads/2017/12/00942-higiene.mp4,UFV
Urina,https://sistemas.cead.ufv.br/capes/dicionario/wp-content/uploads/2017/12/1305-urina.mp4,UFV
Adeus,https://sistemas.cead.ufv.br/capes/dicionario/wp-content/uploads/2018/04/01566-Adeus.mp4,UFV
Aleluia,https://sistemas.cead.ufv.br/capes/dicionario/wp-content/uploads/2018/05/01580-Aleluia.mp4,UFV
Boa Noite,https://sistemas.cead.ufv.br/capes/dicionario/wp-content/uploads/2018/01/01444-Boa-Noite.mp4,UFV
Boa tarde,https://sistemas.cead.ufv.br/capes/dicionario/wp-content/uploads/2018/01/01445-Boa-Tarde.mp4,UFV
Bom Dia,https://sistemas.cead.ufv.br/capes/dicionario/wp-content/uploads/2018/01/01446-Bom-Dia.mp4,UFV
Obrigado,https://sistemas.cead.ufv.br/capes/dicionario/wp-content/uploads/2018/01/01448-Obrigado.mp4,UFV
Oi,https://sistemas.cead.ufv.br/capes/dicionario/wp-content/uploads/2018/01/01449-Oi.mp4,UFV
Por Favor/Com Licença,https://sistemas.cead.ufv.br/capes/dicionario/wp-content/uploads/2018/01/01450-Por-favor-com-licen%C3%A7a.mp4,UFV
Saudade,https://sistemas.cead.ufv.br/capes/dicionario/wp-content/uploads/2018/01/01451-Saudade.mp4,UFV
Tchau,https://sistemas.cead.ufv.br/capes/dicionario/wp-content/uploads/2018/01/01452-Tchau.mp4,UFV
Tudo Bem,https://sistemas.cead.ufv.br/capes/dicionario/wp-content/uploads/2018/01/01453-Tudo-bem.mp4,UFV
Aluguel,https://sistemas.cead.ufv.br/capes/dicionario/wp-content/uploads/2017/11/1180-aluguel.mp4,UFV
Cartão,https://sistemas.cead.ufv.br/capes/dicionario/wp-content/uploads/2017/11/cartao.mp4,UFV
Cheque,https://sistemas.cead.ufv.br/capes/dicionario/wp-content/uploads/2017/11/1182-cheque.mp4,UFV
Conta,https://sistemas.cead.ufv.br/capes/dicionario/wp-content/uploads/2017/11/1183-conta.mp4,UFV
Dízimo,https://sistemas.cead.ufv.br/capes/dicionario/wp-content/uploads/2017/12/01164-dizimo.mp4,UFV
Dólar,https://sistemas.cead.ufv.br/capes/dicionario/wp-content/uploads/2017/11/1185-dolar.mp4,UFV
Economia,https://sistemas.cead.ufv.br/capes/dicionario/wp-content/uploads/2017/11/793-economia.mp4,UFV
Empréstimo,https://sistemas.cead.ufv.br/capes/dicionario/wp-content/uploads/2017/11/1186-emprestimo.mp4,UFV
Imposto,https://sistemas.cead.ufv.br/capes/dicionario/wp-content/uploads/2017/11/1188-imposto.mp4,UFV
Juros,https://sistemas.cead.ufv.br/capes/dicionario/wp-content/uploads/2017/11/1190-juros.mp4,UFV
Lucro,https://sistemas.cead.ufv.br/capes/dicionario/wp-content/uploads/2017/11/1191-lucro.mp4,UFV
Mil,https://sistemas.cead.ufv.br/capes/dicionario/wp-content/uploads/2017/11/1192-mil.mp4,UFV
Milhão,https://sistemas.cead.ufv.br/capes/dicionario/wp-content/uploads/2017/11/1193-milhao.mp4,UFV
Moeda,https://sistemas.cead.ufv.br/capes/dicionario/wp-content/uploads/2017/11/1194-moeda.mp4,UFV
Multa,https://sistemas.cead.ufv.br/capes/dicionario/wp-content/uploads/2017/11/1195-multa.mp4,UFV
Orçamento,https://sistemas.cead.ufv.br/capes/dicionario/wp-content/uploads/2017/11/1196-orcamento.mp4,UFV
Parcela,https://sistemas.cead.ufv.br/capes/dicionario/wp-content/uploads/2017/11/1197-parcela.mp4,UFV
Pensão,https://sistemas.cead.ufv.br/capes/dicionario/wp-content/uploads/2017/11/1198-pensao.mp4,UFV
Saque,https://sistemas.cead.ufv.br/capes/dicionario/wp-content/uploads/2017/11/1201-saque.mp4,UFV
Seguro,https://sistemas.cead.ufv.br/capes/dicionario/wp-content/uploads/2017/11/1202-seguro.mp4,UFV
Troco,https://sistemas.cead.ufv.br/capes/dicionario/wp-content/uploads/2017/11/1203-troco.mp4,UFV
Basquete,https://sistemas.cead.ufv.br/capes/dicionario/wp-content/uploads/2017/12/00959-basquete.mp4,UFV
Boxe,https://sistemas.cead.ufv.br/capes/dicionario/wp-content/uploads/2017/12/00963-boxe.mp4,UFV
Ciclismo,https://sistemas.cead.ufv.br/capes/dicionario/wp-content/uploads/2017/12/00967-ciclismo.mp4,UFV
Corrida,https://sistemas.cead.ufv.br/capes/dicionario/wp-content/uploads/2017/12/00969-corrida.mp4,UFV
Futebol,https://sistemas.cead.ufv.br/capes/dicionario/wp-content/uploads/2017/12/00975-futebol.mp4,UFV
Ginástica,https://sistemas.cead.ufv.br/capes/dicionario/wp-content/uploads/2017/12/1233-ginastica.mp4,UFV
Gol,https://sistemas.cead.ufv.br/capes/dicionario/wp-content/uploads/2017/12/00976-gol.mp4,UFV
Golfe,https://sistemas.cead.ufv.br/capes/dicionario/wp-content/uploads/2017/12/1234-golfe.mp4,UFV
Handebol,https://sistemas.cead.ufv.br/capes/dicionario/wp-content/uploads/2017/12/00977-handbol.mp4,UFV
Natação,https://sistemas.cead.ufv.br/capes/dicionario/wp-content/uploads/2017/12/00981-natacao.mp4,UFV
Patins,https://sistemas.cead.ufv.br/capes/dicionario/wp-content/uploads/2017/12/00982-patins.mp4,UFV
Pingue-Pongue,https://sistemas.cead.ufv.br/capes/dicionario/wp-content/uploads/2017/12/00984-ping-pong.mp4,UFV
Surfe,https://sistemas.cead.ufv.br/capes/dicionario/wp-content/uploads/2017/12/00987-surf.mp4,UFV
Tênis,https://sistemas.cead.ufv.br/capes/dicionario/wp-content/uploads/2017/12/00988-tenisesporte.mp4,UFV
Voleibol,https://sistemas.cead.ufv.br/capes/dicionario/wp-content/uploads/2017/12/00990-volei.mp4,UFV
Xadrez,https://sistemas.cead.ufv.br/capes/dicionario/wp-content/uploads/2017/12/00991-xadrez.mp4,UFV
Bateria,https://sistemas.cead.ufv.br/capes/dicionario/wp-content/uploads/2017/12/00950-bateria.mp4,UFV
Berimbau,https://sistemas.cead.ufv.br/capes/dicionario/wp-content/uploads/2018/09/berimbau.mp4,UFV
Flauta,https://sistemas.cead.ufv.br/capes/dicionario/wp-content/uploads/2017/12/00951-flauta.mp4,UFV
Guitarra,https://sistemas.cead.ufv.br/capes/dicionario/wp-content/uploads/2017/12/00952-guitarra.mp4,UFV
Instrumentos Musicais,https://sistemas.cead.ufv.br/capes/dicionario/wp-content/uploads/2017/12/00953-instrumentos-musicais.mp4,UFV
Piano,https://sistemas.cead.ufv.br/capes/dicionario/wp-content/uploads/2017/12/00954-piano.mp4,UFV
Tambor,https://sistemas.cead.ufv.br/capes/dicionario/wp-content/uploads/2017/12/00955-tambor.mp4,UFV
Violão,https://sistemas.cead.ufv.br/capes/dicionario/wp-content/uploads/2017/12/00956-violao.mp4,UFV
Violino,https://sistemas.cead.ufv.br/capes/dicionario/wp-content/uploads/2017/12/00957-violino.mp4,UFV
Acre,https://sistemas.cead.ufv.br/capes/dicionario/wp-content/uploads/2017/12/00993-acre.mp4,UFV
África,https://sistemas.cead.ufv.br/capes/dicionario/wp-content/uploads/2017/12/00994-africa.mp4,UFV
Alagoas,https://sistemas.cead.ufv.br/capes/dicionario/wp-content/uploads/2017/12/00995-alagoas.mp4,UFV
Alemanha,https://sistemas.cead.ufv.br/capes/dicionario/wp-content/uploads/2017/12/00996-alemanha.mp4,UFV
Amapá,https://sistemas.cead.ufv.br/capes/dicionario/wp-content/uploads/2017/12/00997-amapa.mp4,UFV
Amazonas,https://sistemas.cead.ufv.br/capes/dicionario/wp-content/uploads/2017/12/00998-amazonas.mp4,UFV
América,https://sistemas.cead.ufv.br/capes/dicionario/wp-content/uploads/2017/12/00999-america.mp4,UFV
América Central,https://sistemas.cead.ufv.br/capes/dicionario/wp-content/uploads/2017/12/01000-america-central.mp4,UFV
América do Norte,https://sistemas.cead.ufv.br/capes/dicionario/wp-content/uploads/2017/12/01001-america-norte.mp4,UFV
América do Sul,https://sistemas.cead.ufv.br/capes/dicionario/wp-content/uploads/2017/12/01002-america-sul.mp4,UFV
Andar (prédio),https://sistemas.cead.ufv.br/capes/dicionario/wp-content/uploads/2018/01/01455-Andar-predio.mp4,UFV
Argentina,https://sistemas.cead.ufv.br/capes/dicionario/wp-content/uploads/2017/12/01004-argentina.mp4,UFV
Austrália,https://sistemas.cead.ufv.br/capes/dicionario/wp-content/uploads/2017/12/01005-australia.mp4,UFV
Avenida,https://sistemas.cead.ufv.br/capes/dicionario/wp-content/uploads/2017/12/01007-avenida.mp4,UFV
Bahia,https://sistemas.cead.ufv.br/capes/dicionario/wp-content/uploads/2017/12/01008-bahia.mp4,UFV
Banco (Agência),https://sistemas.cead.ufv.br/capes/dicionario/wp-content/uploads/2017/12/1280-bancodinheiro.mp4,UFV
Banheiro,https://sistemas.cead.ufv.br/capes/dicionario/wp-content/uploads/2017/11/683-banheiro.mp4,UFV
Belo Horizonte,https://sistemas.cead.ufv.br/capes/dicionario/wp-content/uploads/2017/12/01009-belo-horizonte.mp4,UFV
Bolívia,https://sistemas.cead.ufv.br/capes/dicionario/wp-content/uploads/2017/12/01010-bolivia.mp4,UFV
Brasil,https://sistemas.cead.ufv.br/capes/dicionario/wp-content/uploads/2017/12/01011-brasil.mp4,UFV
Brasília,https://sistemas.cead.ufv.br/capes/dicionario/wp-content/uploads/2017/12/01012-brasilia.mp4,UFV
Canadá,https://sistemas.cead.ufv.br/capes/dicionario/wp-content/uploads/2017/12/01013-canada.mp4,UFV
Ceará,https://sistemas.cead.ufv.br/capes/dicionario/wp-content/uploads/2017/12/01014-ceara.mp4,UFV
Chile,https://sistemas.cead.ufv.br/capes/dicionario/wp-content/uploads/2017/12/01015-chile.mp4,UFV
Cinema,https://sistemas.cead.ufv.br/capes/dicionario/wp-content/uploads/2017/12/00968-cinema.mp4,UFV
Colômbia,https://sistemas.cead.ufv.br/capes/dicionario/wp-content/uploads/2017/12/01017-colombia.mp4,UFV
Cozinha,https://sistemas.cead.ufv.br/capes/dicionario/wp-content/uploads/2017/11/688-cozinha.mp4,UFV
Cuba,https://sistemas.cead.ufv.br/capes/dicionario/wp-content/uploads/2017/12/01018-cuba.mp4,UFV
Cuiabá,https://sistemas.cead.ufv.br/capes/dicionario/wp-content/uploads/2017/12/01019-cuiaba.mp4,UFV
Curitiba,https://sistemas.cead.ufv.br/capes/dicionario/wp-content/uploads/2017/12/01020-curitiba.mp4,UFV
Distrito Federal,https://sistemas.cead.ufv.br/capes/dicionario/wp-content/uploads/2017/12/01021-distrito-federal.mp4,UFV
Elevador,https://sistemas.cead.ufv.br/capes/dicionario/wp-content/uploads/2018/01/692-elevador.mp4,UFV
Endereço,https://sistemas.cead.ufv.br/capes/dicionario/wp-content/uploads/2017/12/01022-endereco.mp4,UFV
Equador,https://sistemas.cead.ufv.br/capes/dicionario/wp-content/uploads/2017/12/01023-equador.mp4,UFV
Escócia,https://sistemas.cead.ufv.br/capes/dicionario/wp-content/uploads/2017/12/01024-escocia.mp4,UFV
Espanha,https://sistemas.cead.ufv.br/capes/dicionario/wp-content/uploads/2017/12/01025-espanha.mp4,UFV
Espírito Santo,https://sistemas.cead.ufv.br/capes/dicionario/wp-content/uploads/2017/12/01026-espirito-santo.mp4,UFV
Europa,https://sistemas.cead.ufv.br/capes/dicionario/wp-content/uploads/2017/12/01028-europa.mp4,UFV
Finlândia,https://sistemas.cead.ufv.br/capes/dicionario/wp-content/uploads/2017/12/01029-finlandia.mp4,UFV
Florianópolis,https://sistemas.cead.ufv.br/capes/dicionario/wp-content/uploads/2017/12/01030-florianopolis.mp4,UFV
Fortaleza,https://sistemas.cead.ufv.br/capes/dicionario/wp-content/uploads/2017/12/01031-fortaleza.mp4,UFV
França,https://sistemas.cead.ufv.br/capes/dicionario/wp-content/uploads/2017/12/01032-fran%C3%A7a.mp4,UFV
Garagem,https://sistemas.cead.ufv.br/capes/dicionario/wp-content/uploads/2018/01/01476-Garagem.mp4,UFV
Goiás,https://sistemas.cead.ufv.br/capes/dicionario/wp-content/uploads/2017/12/01033-goias.mp4,UFV
Grécia,https://sistemas.cead.ufv.br/capes/dicionario/wp-content/uploads/2017/12/01034-grecia.mp4,UFV
Índia,https://sistemas.cead.ufv.br/capes/dicionario/wp-content/uploads/2017/12/01035-india.mp4,UFV
Inglaterra,https://sistemas.cead.ufv.br/capes/dicionario/wp-content/uploads/2017/12/01036-inglaterra.mp4,UFV
Israel,https://sistemas.cead.ufv.br/capes/dicionario/wp-content/uploads/2017/12/01037-israel.mp4,UFV
Itália,https://sistemas.cead.ufv.br/capes/dicionario/wp-content/uploads/2017/12/01038-italia.mp4,UFV
Japão,https://sistemas.cead.ufv.br/capes/dicionario/wp-content/uploads/2017/12/01039-japao.mp4,UFV
João Pessoa,https://sistemas.cead.ufv.br/capes/dicionario/wp-content/uploads/2017/12/01040-joao-pessoa.mp4,UFV
Maceió,https://sistemas.cead.ufv.br/capes/dicionario/wp-content/uploads/2017/12/1235-maceio.mp4,UFV
Manaus,https://sistemas.cead.ufv.br/capes/dicionario/wp-content/uploads/2017/12/1236-manaus.mp4,UFV
Maranhão,https://sistemas.cead.ufv.br/capes/dicionario/wp-content/uploads/2017/12/1237-maranh%C3%A3o.mp4,UFV
Mato Grosso,https://sistemas.cead.ufv.br/capes/dicionario/wp-content/uploads/2017/12/1238-matogrosso.mp4,UFV
Mato Grosso do Sul,https://sistemas.cead.ufv.br/capes/dicionario/wp-content/uploads/2017/12/1239-matogrossodosul.mp4,UFV
México,https://sistemas.cead.ufv.br/capes/dicionario/wp-content/uploads/2017/12/1240-mexico.mp4,UFV
Minas Gerais,https://sistemas.cead.ufv.br/capes/dicionario/wp-content/uploads/2017/12/1241-minasgerais.mp4,UFV
Natal (Cidade),https://sistemas.cead.ufv.br/capes/dicionario/wp-content/uploads/2017/12/1242-natalcidade.mp4,UFV
País,https://sistemas.cead.ufv.br/capes/dicionario/wp-content/uploads/2017/12/1244-pa%C3%ADs.mp4,UFV
Países,https://sistemas.cead.ufv.br/capes/dicionario/wp-content/uploads/2017/12/1245-pa%C3%ADses.mp4,UFV
Pará,https://sistemas.cead.ufv.br/capes/dicionario/wp-content/uploads/2017/12/1247-par%C3%A1.mp4,UFV
Paraguai,https://sistemas.cead.ufv.br/capes/dicionario/wp-content/uploads/2017/12/1248-paraguai.mp4,UFV
Paraíba,https://sistemas.cead.ufv.br/capes/dicionario/wp-content/uploads/2017/12/1249-paraiba.mp4,UFV
Paraná,https://sistemas.cead.ufv.br/capes/dicionario/wp-content/uploads/2017/12/1250-parana.mp4,UFV
Parque,https://sistemas.cead.ufv.br/capes/dicionario/wp-content/uploads/2017/11/1217-parque.mp4,UFV
Pernambuco,https://sistemas.cead.ufv.br/capes/dicionario/wp-content/uploads/2017/12/1251-pernanbuco.mp4,UFV
Peru,https://sistemas.cead.ufv.br/capes/dicionario/wp-content/uploads/2017/12/1252-per%C3%BA.mp4,UFV
Piauí,https://sistemas.cead.ufv.br/capes/dicionario/wp-content/uploads/2017/12/1253-piaui.mp4,UFV
Porto Velho,https://sistemas.cead.ufv.br/capes/dicionario/wp-content/uploads/2017/12/1254-portovelho.mp4,UFV
Portugal,https://sistemas.cead.ufv.br/capes/dicionario/wp-content/uploads/2017/12/1255-portugal.mp4,UFV
Prisão,https://sistemas.cead.ufv.br/capes/dicionario/wp-content/uploads/2017/12/1281-prisao.mp4,UFV
Quarto,https://sistemas.cead.ufv.br/capes/dicionario/wp-content/uploads/2018/01/01494-Quarto.mp4,UFV
Recife,https://sistemas.cead.ufv.br/capes/dicionario/wp-content/uploads/2017/12/1256-recife.mp4,UFV
Região,https://sistemas.cead.ufv.br/capes/dicionario/wp-content/uploads/2017/12/1257-regiao.mp4,UFV
Região Centro Oeste,https://sistemas.cead.ufv.br/capes/dicionario/wp-content/uploads/2017/12/1258-regiaocentroOeste.mp4,UFV
Região Nordeste,https://sistemas.cead.ufv.br/capes/dicionario/wp-content/uploads/2017/12/1259-regiaonordeste.mp4,UFV
Região Norte,https://sistemas.cead.ufv.br/capes/dicionario/wp-content/uploads/2017/12/1260-regiaoNorte.mp4,UFV
Região Sudeste,https://sistemas.cead.ufv.br/capes/dicionario/wp-content/uploads/2017/12/1261-regiaosudeste.mp4,UFV
Região Sul,https://sistemas.cead.ufv.br/capes/dicionario/wp-content/uploads/2017/12/1262-regiaosul.mp4,UFV
Rio de Janeiro,https://sistemas.cead.ufv.br/capes/dicionario/wp-content/uploads/2017/12/1263-riodejaneiro.mp4,UFV
Rio Grande do Sul,https://sistemas.cead.ufv.br/capes/dicionario/wp-content/uploads/2017/12/1264-riograndedosul.mp4,UFV
Roraima,https://sistemas.cead.ufv.br/capes/dicionario/wp-content/uploads/2017/12/1267-roraima.mp4,UFV
Rússia,https://sistemas.cead.ufv.br/capes/dicionario/wp-content/uploads/2017/12/1268-russia.mp4,UFV
Sala,https://sistemas.cead.ufv.br/capes/dicionario/wp-content/uploads/2018/01/01498-Sala.mp4,UFV
Salvador,https://sistemas.cead.ufv.br/capes/dicionario/wp-content/uploads/2017/12/1269-salvador.mp4,UFV
Santa Catarina,https://sistemas.cead.ufv.br/capes/dicionario/wp-content/uploads/2017/12/1270-santacatarina.mp4,UFV
São Paulo,https://sistemas.cead.ufv.br/capes/dicionario/wp-content/uploads/2017/12/1271-saopaulo.mp4,UFV
Sergipe,https://sistemas.cead.ufv.br/capes/dicionario/wp-content/uploads/2017/12/1272-sergipe.mp4,UFV
Suécia,https://sistemas.cead.ufv.br/capes/dicionario/wp-content/uploads/2017/12/1273-suecia.mp4,UFV
Suíça,https://sistemas.cead.ufv.br/capes/dicionario/wp-content/uploads/2017/12/1274-su%C3%AD%C3%A7a.mp4,UFV
Tocantins,https://sistemas.cead.ufv.br/capes/dicionario/wp-content/uploads/2017/12/1275-tocantins.mp4,UFV
Uruguai,https://sistemas.cead.ufv.br/capes/dicionario/wp-content/uploads/2017/12/1276-uruguai.mp4,UFV
Venezuela,https://sistemas.cead.ufv.br/capes/dicionario/wp-content/uploads/2017/12/1277-venezuela.mp4,UFV
Viçosa,https://sistemas.cead.ufv.br/capes/dicionario/wp-content/uploads/2017/12/1278-vi%C3%A7osa.mp4,UFV
Vitória (Cidade),https://sistemas.cead.ufv.br/capes/dicionario/wp-content/uploads/2017/12/1279-vitoria.mp4,UFV
Avião,https://sistemas.cead.ufv.br/capes/dicionario/wp-content/uploads/2018/04/01536-Avi%C3%A3o.mp4,UFV
Barco,https://sistemas.cead.ufv.br/capes/dicionario/wp-content/uploads/2018/04/01537-Barco.mp4,UFV
Bicicleta,https://sistemas.cead.ufv.br/capes/dicionario/wp-content/uploads/2017/09/01123-bicicleta.mp4,UFV
Caminhão,https://sistemas.cead.ufv.br/capes/dicionario/wp-content/uploads/2018/04/01538-Caminh%C3%A3o.mp4,UFV
Carro,https://sistemas.cead.ufv.br/capes/dicionario/wp-content/uploads/2017/09/01124-carro.mp4,UFV
Combustível,https://sistemas.cead.ufv.br/capes/dicionario/wp-content/uploads/2017/12/1293-combustivel.mp4,UFV
Helicóptero,https://sistemas.cead.ufv.br/capes/dicionario/wp-content/uploads/2017/10/01540-Helicoptero.mp4,UFV
Jet Ski,https://sistemas.cead.ufv.br/capes/dicionario/wp-content/uploads/2018/04/01541-Jet-ski.mp4,UFV
Meios de Transporte,https://sistemas.cead.ufv.br/capes/dicionario/wp-content/uploads/2018/04/01542-Meios-de-transporte.mp4,UFV
Metrô,https://sistemas.cead.ufv.br/capes/dicionario/wp-content/uploads/2018/04/01543-Metr%C3%B4.mp4,UFV
Moto,https://sistemas.cead.ufv.br/capes/dicionario/wp-content/uploads/2018/04/01544-Moto.mp4,UFV
Navio,https://sistemas.cead.ufv.br/capes/dicionario/wp-content/uploads/2018/04/01545-Navio.mp4,UFV
Ônibus,https://sistemas.cead.ufv.br/capes/dicionario/wp-content/uploads/2018/04/01546-Onibus.mp4,UFV
Ponte,https://sistemas.cead.ufv.br/capes/dicionario/wp-content/uploads/2018/04/01547-Ponte.mp4,UFV
Rodoviária,https://sistemas.cead.ufv.br/capes/dicionario/wp-content/uploads/2018/04/01548-Rodoviaria.mp4,UFV
Táxi,https://sistemas.cead.ufv.br/capes/dicionario/wp-content/uploads/2018/04/01549-Taxi.mp4,UFV
Trem,https://sistemas.cead.ufv.br/capes/dicionario/wp-content/uploads/2018/04/01550-Trem.mp4,UFV
Acetona,https://sistemas.cead.ufv.br/capes/dicionario/wp-content/uploads/2018/09/acetona.mp4,UFV
Agricultura,https://sistemas.cead.ufv.br/capes/dicionario/wp-content/uploads/2018/01/1401-agricultura.mp4,UFV
Água,https://sistemas.cead.ufv.br/capes/dicionario/wp-content/uploads/2018/09/agua.mp4,UFV
Álcool,https://sistemas.cead.ufv.br/capes/dicionario/wp-content/uploads/2018/09/alcool.mp4,UFV
Algodão,https://sistemas.cead.ufv.br/capes/dicionario/wp-content/uploads/2018/09/algod%C3%A3o.mp4,UFV
Ar,https://sistemas.cead.ufv.br/capes/dicionario/wp-content/uploads/2017/12/1284-ar.mp4,UFV
Areia,https://sistemas.cead.ufv.br/capes/dicionario/wp-content/uploads/2017/12/1285-areia.mp4,UFV
Árvore,https://sistemas.cead.ufv.br/capes/dicionario/wp-content/uploads/2017/12/1308-arvore.mp4,UFV
Cachoeira,https://sistemas.cead.ufv.br/capes/dicionario/wp-content/uploads/2017/12/1309-cachoeira.mp4,UFV
Centímetro,https://sistemas.cead.ufv.br/capes/dicionario/wp-content/uploads/2018/09/cent%C3%ADmetro.mp4,UFV
Céu,https://sistemas.cead.ufv.br/capes/dicionario/wp-content/uploads/2017/12/1310-ceu.mp4,UFV
Chuva,https://sistemas.cead.ufv.br/capes/dicionario/wp-content/uploads/2017/12/1311-chuva.mp4,UFV
Cinzas,https://sistemas.cead.ufv.br/capes/dicionario/wp-content/uploads/2017/12/1290-cinzas.mp4,UFV
Colina,https://sistemas.cead.ufv.br/capes/dicionario/wp-content/uploads/2017/12/1313-colina.mp4,UFV
Estrela,https://sistemas.cead.ufv.br/capes/dicionario/wp-content/uploads/2017/12/1315-estrela.mp4,UFV
Ferrugem,https://sistemas.cead.ufv.br/capes/dicionario/wp-content/uploads/2017/12/1297-ferrugem.mp4,UFV
Flor,https://sistemas.cead.ufv.br/capes/dicionario/wp-content/uploads/2017/12/1316-flor.mp4,UFV
Fumaça,https://sistemas.cead.ufv.br/capes/dicionario/wp-content/uploads/2017/12/1299-fuma%C3%A7a.mp4,UFV
Gelo,https://sistemas.cead.ufv.br/capes/dicionario/wp-content/uploads/2017/12/1300-gelo.mp4,UFV
Ilha,https://sistemas.cead.ufv.br/capes/dicionario/wp-content/uploads/2017/12/1317-ilha.mp4,UFV
Lua,https://sistemas.cead.ufv.br/capes/dicionario/wp-content/uploads/2017/12/1320-lua.mp4,UFV
Mar,https://sistemas.cead.ufv.br/capes/dicionario/wp-content/uploads/2017/12/1321-mar.mp4,UFV
Montanha,https://sistemas.cead.ufv.br/capes/dicionario/wp-content/uploads/2017/12/1322-montanha.mp4,UFV
Natureza,https://sistemas.cead.ufv.br/capes/dicionario/wp-content/uploads/2017/12/1323-natureza.mp4,UFV
Neve,https://sistemas.cead.ufv.br/capes/dicionario/wp-content/uploads/2017/12/1324-neve.mp4,UFV
Nublado,https://sistemas.cead.ufv.br/capes/dicionario/wp-content/uploads/2017/12/1325-nublado.mp4,UFV
Nuvem,https://sistemas.cead.ufv.br/capes/dicionario/wp-content/uploads/2017/12/1326-nuvem.mp4,UFV
Pedra,https://sistemas.cead.ufv.br/capes/dicionario/wp-content/uploads/2017/12/1327-pedra.mp4,UFV
Praia,https://sistemas.cead.ufv.br/capes/dicionario/wp-content/uploads/2017/12/1328-praia.mp4,UFV
Rio,https://sistemas.cead.ufv.br/capes/dicionario/wp-content/uploads/2017/12/1330-rio.mp4,UFV
Sol,https://sistemas.cead.ufv.br/capes/dicionario/wp-content/uploads/2017/12/1331-sol.mp4,UFV
Tempestade,https://sistemas.cead.ufv.br/capes/dicionario/wp-content/uploads/2017/12/1333-tempestade.mp4,UFV
Terra,https://sistemas.cead.ufv.br/capes/dicionario/wp-content/uploads/2017/12/1334-terra.mp4,UFV
Terremoto,https://sistemas.cead.ufv.br/capes/dicionario/wp-content/uploads/2018/01/1335-terremoto.mp4,UFV
Vento,https://sistemas.cead.ufv.br/capes/dicionario/wp-content/uploads/2018/01/1336-vento.mp4,UFV
Vulcão,https://sistemas.cead.ufv.br/capes/dicionario/wp-content/uploads/2018/09/vulc%C3%A3o.mp4,UFV
Contabilidade,https://sistemas.cead.ufv.br/capes/dicionario/wp-content/uploads/2017/09/01119-contabilidade.mp4,UFV
Dezena,https://sistemas.cead.ufv.br/capes/dicionario/wp-content/uploads/2018/09/dezena.mp4,UFV
Porcentagem,https://sistemas.cead.ufv.br/capes/dicionario/wp-content/uploads/2017/11/1199-porcentagem.mp4,UFV
Quantidade,https://sistemas.cead.ufv.br/capes/dicionario/wp-content/uploads/2017/11/1200-quantidade.mp4,UFV
Unidade,https://sistemas.cead.ufv.br/capes/dicionario/wp-content/uploads/2018/09/unidade.mp4,UFV
Abajur,https://sistemas.cead.ufv.br/capes/dicionario/wp-content/uploads/2018/01/01454-Abajur.mp4,UFV
Abridor,https://sistemas.cead.ufv.br/capes/dicionario/wp-content/uploads/2018/09/abridor.mp4,UFV
Absorvente,https://sistemas.cead.ufv.br/capes/dicionario/wp-content/uploads/2018/09/absorvente-1.mp4,UFV
Adesivo,https://sistemas.cead.ufv.br/capes/dicionario/wp-content/uploads/2017/12/1283-adesivo.mp4,UFV
Agulha,https://sistemas.cead.ufv.br/capes/dicionario/wp-content/uploads/2018/05/01799-agulha.mp4,UFV
Agulha de crochê,https://sistemas.cead.ufv.br/capes/dicionario/wp-content/uploads/2018/09/agulha-de-croch%C3%AA.mp4,UFV
Algemas,https://sistemas.cead.ufv.br/capes/dicionario/wp-content/uploads/2018/01/1353-algema.mp4,UFV
Aliança,https://sistemas.cead.ufv.br/capes/dicionario/wp-content/uploads/2018/01/1354-alian%C3%A7a.mp4,UFV
Alicate,https://sistemas.cead.ufv.br/capes/dicionario/wp-content/uploads/2018/09/alicate-1.mp4,UFV
Almofada,https://sistemas.cead.ufv.br/capes/dicionario/wp-content/uploads/2018/09/almofada.mp4,UFV
Anel,https://sistemas.cead.ufv.br/capes/dicionario/wp-content/uploads/2018/09/anel-2.mp4,UFV
Aparelho de barbear,https://sistemas.cead.ufv.br/capes/dicionario/wp-content/uploads/2018/09/aparelho-de-barbear.mp4,UFV
Aquário,https://sistemas.cead.ufv.br/capes/dicionario/wp-content/uploads/2018/01/01456-Aqu%C3%A1rio.mp4,UFV
Arma,https://sistemas.cead.ufv.br/capes/dicionario/wp-content/uploads/2018/05/630-arma.mp4,UFV
Arma de Fogo,https://sistemas.cead.ufv.br/capes/dicionario/wp-content/uploads/2018/05/631-armadefogo.mp4,UFV
Armário,https://sistemas.cead.ufv.br/capes/dicionario/wp-content/uploads/2018/01/01443-Armario.mp4,UFV
Balança,https://sistemas.cead.ufv.br/capes/dicionario/wp-content/uploads/2018/01/01457-Balan%C3%A7a.mp4,UFV
Balão,https://sistemas.cead.ufv.br/capes/dicionario/wp-content/uploads/2018/09/bal%C3%A3o.mp4,UFV
Balde,https://sistemas.cead.ufv.br/capes/dicionario/wp-content/uploads/2018/08/balde.mp4,UFV
Bambolê,https://sistemas.cead.ufv.br/capes/dicionario/wp-content/uploads/2018/09/bambol%C3%AA.mp4,UFV
Bandeira,https://sistemas.cead.ufv.br/capes/dicionario/wp-content/uploads/2018/09/bandeira.mp4,UFV
Banheira,https://sistemas.cead.ufv.br/capes/dicionario/wp-content/uploads/2018/01/01459-Banheira.mp4,UFV
Baralho,https://sistemas.cead.ufv.br/capes/dicionario/wp-content/uploads/2017/12/00958-baralho.mp4,UFV
Batedeira,https://sistemas.cead.ufv.br/capes/dicionario/wp-content/uploads/2018/09/batedeira.mp4,UFV
Batom,https://sistemas.cead.ufv.br/capes/dicionario/wp-content/uploads/2018/05/01788-batom.mp4,UFV
Baú,https://sistemas.cead.ufv.br/capes/dicionario/wp-content/uploads/2018/09/ba%C3%BA.mp4,UFV
Bico,https://sistemas.cead.ufv.br/capes/dicionario/wp-content/uploads/2018/09/bico.mp4,UFV
Binóculo,https://sistemas.cead.ufv.br/capes/dicionario/wp-content/uploads/2018/09/binoculo.mp4,UFV
Bola,https://sistemas.cead.ufv.br/capes/dicionario/wp-content/uploads/2017/12/00960-bola.mp4,UFV
Boneca,https://sistemas.cead.ufv.br/capes/dicionario/wp-content/uploads/2017/12/00962-boneca.mp4,UFV
Brinquedo,https://sistemas.cead.ufv.br/capes/dicionario/wp-content/uploads/2017/12/00964-brinquedo.mp4,UFV
Cabide,https://sistemas.cead.ufv.br/capes/dicionario/wp-content/uploads/2018/01/01461-Cabide.mp4,UFV
Cadeado,https://sistemas.cead.ufv.br/capes/dicionario/wp-content/uploads/2018/09/cadeado.mp4,UFV
Cadeira,https://sistemas.cead.ufv.br/capes/dicionario/wp-content/uploads/2018/01/01462-Cadeira.mp4,UFV
Caixa,https://sistemas.cead.ufv.br/capes/dicionario/wp-content/uploads/2018/09/caixa.mp4,UFV
Calculadora,https://sistemas.cead.ufv.br/capes/dicionario/wp-content/uploads/2018/09/calculadora.mp4,UFV
Caneca,https://sistemas.cead.ufv.br/capes/dicionario/wp-content/uploads/2018/09/caneca.mp4,UFV
Canudo,https://sistemas.cead.ufv.br/capes/dicionario/wp-content/uploads/2018/09/canudo.mp4,UFV
Capacete,https://sistemas.cead.ufv.br/capes/dicionario/wp-content/uploads/2018/09/capacete.mp4,UFV
Carimbo,https://sistemas.cead.ufv.br/capes/dicionario/wp-content/uploads/2018/09/carimbo.mp4,UFV
Carrinho,https://sistemas.cead.ufv.br/capes/dicionario/wp-content/uploads/2017/12/00966-carrinho.mp4,UFV
Cesto de Lixo,https://sistemas.cead.ufv.br/capes/dicionario/wp-content/uploads/2018/01/01463-Cesto-de-lixo.mp4,UFV
Chave,https://sistemas.cead.ufv.br/capes/dicionario/wp-content/uploads/2018/01/01464-Chave.mp4,UFV
Chicote,https://sistemas.cead.ufv.br/capes/dicionario/wp-content/uploads/2018/09/chicote.mp4,UFV
Chuveiro,https://sistemas.cead.ufv.br/capes/dicionario/wp-content/uploads/2018/01/01466-Chuveiro.mp4,UFV
Cobertor,https://sistemas.cead.ufv.br/capes/dicionario/wp-content/uploads/2018/01/01467-Cobertor.mp4,UFV
Cola,https://sistemas.cead.ufv.br/capes/dicionario/wp-content/uploads/2017/12/1292-cola.mp4,UFV
Colar,https://sistemas.cead.ufv.br/capes/dicionario/wp-content/uploads/2018/05/861-colar.mp4,UFV
Colher,https://sistemas.cead.ufv.br/capes/dicionario/wp-content/uploads/2018/01/01468-Colher.mp4,UFV
Copo,https://sistemas.cead.ufv.br/capes/dicionario/wp-content/uploads/2018/01/01470-Copo.mp4,UFV
Corda de pular,https://sistemas.cead.ufv.br/capes/dicionario/wp-content/uploads/2018/09/corda-de-pular.mp4,UFV
Cortina,https://sistemas.cead.ufv.br/capes/dicionario/wp-content/uploads/2018/01/01472-Cortina.mp4,UFV
Dado,https://sistemas.cead.ufv.br/capes/dicionario/wp-content/uploads/2017/12/00970-dado.mp4,UFV
Despertador,https://sistemas.cead.ufv.br/capes/dicionario/wp-content/uploads/2018/09/despertador.mp4,UFV
Diamante,https://sistemas.cead.ufv.br/capes/dicionario/wp-content/uploads/2018/09/diamante.mp4,UFV
Dinamite,https://sistemas.cead.ufv.br/capes/dicionario/wp-content/uploads/2018/09/dinamite.mp4,UFV
Dominó,https://sistemas.cead.ufv.br/capes/dicionario/wp-content/uploads/2017/12/00972-domino.mp4,UFV
Elástico,https://sistemas.cead.ufv.br/capes/dicionario/wp-content/uploads/2017/12/1295-elastico.mp4,UFV
Enxada,https://sistemas.cead.ufv.br/capes/dicionario/wp-content/uploads/2018/09/enxada.mp4,UFV
Escada,https://sistemas.cead.ufv.br/capes/dicionario/wp-content/uploads/2018/01/01473-Escada.mp4,UFV
Escova de cabelo,https://sistemas.cead.ufv.br/capes/dicionario/wp-content/uploads/2018/09/escova-de-cabelo.mp4,UFV
Escova de dente,https://sistemas.cead.ufv.br/capes/dicionario/wp-content/uploads/2017/11/00940-escova-de-dente.mp4,UFV
Escova de lavar,https://sistemas.cead.ufv.br/capes/dicionario/wp-content/uploads/2018/09/escova-de-lavar.mp4,UFV
Esmalte,https://sistemas.cead.ufv.br/capes/dicionario/wp-content/uploads/2018/09/esmalte.mp4,UFV
Espada,https://sistemas.cead.ufv.br/capes/dicionario/wp-content/uploads/2018/09/espada.mp4,UFV
Espelho,https://sistemas.cead.ufv.br/capes/dicionario/wp-content/uploads/2018/01/01474-Espelho.mp4,UFV
Esponja,https://sistemas.cead.ufv.br/capes/dicionario/wp-content/uploads/2018/01/1397-esponja.mp4,UFV
Estátua,https://sistemas.cead.ufv.br/capes/dicionario/wp-content/uploads/2017/12/00973-estatua.mp4,UFV
Faixa,https://sistemas.cead.ufv.br/capes/dicionario/wp-content/uploads/2018/09/faixa.mp4,UFV
Filmadora,https://sistemas.cead.ufv.br/capes/dicionario/wp-content/uploads/2018/09/filmadora.mp4,UFV
Filme,https://sistemas.cead.ufv.br/capes/dicionario/wp-content/uploads/2017/12/00974-filme.mp4,UFV
Filtro de Água,https://sistemas.cead.ufv.br/capes/dicionario/wp-content/uploads/2018/01/01475-Filtro-de-%C3%A1gua.mp4,UFV
Fio dental,https://sistemas.cead.ufv.br/capes/dicionario/wp-content/uploads/2017/11/00941-fio-dental.mp4,UFV
Garfo,https://sistemas.cead.ufv.br/capes/dicionario/wp-content/uploads/2018/01/01477-Garfo.mp4,UFV
Garrafa,https://sistemas.cead.ufv.br/capes/dicionario/wp-content/uploads/2018/01/01478-Garrafa.mp4,UFV
Gaveta,https://sistemas.cead.ufv.br/capes/dicionario/wp-content/uploads/2018/01/01479-Gaveta.mp4,UFV
Guarda Roupa,https://sistemas.cead.ufv.br/capes/dicionario/wp-content/uploads/2018/01/01480-Guarda-Roupa.mp4,UFV
Guardanapo,https://sistemas.cead.ufv.br/capes/dicionario/wp-content/uploads/2018/01/01481-Guardanapo.mp4,UFV
Ingresso,https://sistemas.cead.ufv.br/capes/dicionario/wp-content/uploads/2017/11/1189-ingresso.mp4,UFV
Jarra,https://sistemas.cead.ufv.br/capes/dicionario/wp-content/uploads/2018/01/01482-Jarra.mp4,UFV
Lapiseira,https://sistemas.cead.ufv.br/capes/dicionario/wp-content/uploads/2017/11/1215-lapizeira.mp4,UFV
Lata,https://sistemas.cead.ufv.br/capes/dicionario/wp-content/uploads/2018/01/01484-Lata.mp4,UFV
Livro,https://sistemas.cead.ufv.br/capes/dicionario/wp-content/uploads/2017/11/livro.mp4,UFV
Lixa,https://sistemas.cead.ufv.br/capes/dicionario/wp-content/uploads/2017/12/1301-lixa.mp4,UFV
Louça,https://sistemas.cead.ufv.br/capes/dicionario/wp-content/uploads/2017/12/1302-lou%C3%A7a.mp4,UFV
Mala,https://sistemas.cead.ufv.br/capes/dicionario/wp-content/uploads/2018/05/01794-mala.mp4,UFV
Mesa,https://sistemas.cead.ufv.br/capes/dicionario/wp-content/uploads/2018/01/01485-Mesa.mp4,UFV
Óculos,https://sistemas.cead.ufv.br/capes/dicionario/wp-content/uploads/2018/05/01795-oculos.mp4,UFV
Palito de Dente,https://sistemas.cead.ufv.br/capes/dicionario/wp-content/uploads/2018/01/01488-Palito-de-dente.mp4,UFV
Papel Higiênico,https://sistemas.cead.ufv.br/capes/dicionario/wp-content/uploads/2017/12/00943-papel-higienico.mp4,UFV
Pasta de Dente,https://sistemas.cead.ufv.br/capes/dicionario/wp-content/uploads/2017/12/00944-pasta-de-dente.mp4,UFV
Pente,https://sistemas.cead.ufv.br/capes/dicionario/wp-content/uploads/2017/12/00945-pente.mp4,UFV
Perfume,https://sistemas.cead.ufv.br/capes/dicionario/wp-content/uploads/2017/12/00946-perfume.mp4,UFV
Peteca,https://sistemas.cead.ufv.br/capes/dicionario/wp-content/uploads/2017/12/00983-peteca.mp4,UFV
Placa,https://sistemas.cead.ufv.br/capes/dicionario/wp-content/uploads/2018/01/01491-Placa.mp4,UFV
Pulseira,https://sistemas.cead.ufv.br/capes/dicionario/wp-content/uploads/2018/05/874-pulseira.mp4,UFV
Régua,https://sistemas.cead.ufv.br/capes/dicionario/wp-content/uploads/2017/11/1219-regua.mp4,UFV
Relógio,https://sistemas.cead.ufv.br/capes/dicionario/wp-content/uploads/2018/05/875-relogio.mp4,UFV
Relógio de Parede,https://sistemas.cead.ufv.br/capes/dicionario/wp-content/uploads/2018/01/01496-Relogio-de-parede.mp4,UFV
Remédio,https://sistemas.cead.ufv.br/capes/dicionario/wp-content/uploads/2018/01/01497-Remedio.mp4,UFV
Sabonete,https://sistemas.cead.ufv.br/capes/dicionario/wp-content/uploads/2017/12/00947-sabonete.mp4,UFV
Shampoo,https://sistemas.cead.ufv.br/capes/dicionario/wp-content/uploads/2017/12/00948-shampoo.mp4,UFV
Sinuca,https://sistemas.cead.ufv.br/capes/dicionario/wp-content/uploads/2017/12/00985-sinuca.mp4,UFV
Skate,https://sistemas.cead.ufv.br/capes/dicionario/wp-content/uploads/2017/12/00986-skate.mp4,UFV
Sofá,https://sistemas.cead.ufv.br/capes/dicionario/wp-content/uploads/2018/01/01500-Sofa.mp4,UFV
Telefone de brinquedo,https://sistemas.cead.ufv.br/capes/dicionario/wp-content/uploads/2018/09/telefone-brinquedo.mp4,UFV
Tesoura,https://sistemas.cead.ufv.br/capes/dicionario/wp-content/uploads/2017/11/1223-tesoura.mp4,UFV
Toalha de Banho,https://sistemas.cead.ufv.br/capes/dicionario/wp-content/uploads/2018/04/01503-Toalha-de-banho.mp4,UFV
Tomada,https://sistemas.cead.ufv.br/capes/dicionario/wp-content/uploads/2018/04/01504-Tomada.mp4,UFV
Travesseiro,https://sistemas.cead.ufv.br/capes/dicionario/wp-content/uploads/2018/04/01505-Travesseiro.mp4,UFV
Ursinho,https://sistemas.cead.ufv.br/capes/dicionario/wp-content/uploads/2018/09/ursinho.mp4,UFV
Vassoura,https://sistemas.cead.ufv.br/capes/dicionario/wp-content/uploads/2018/04/01506-Vassoura.mp4,UFV
Vela,https://sistemas.cead.ufv.br/capes/dicionario/wp-content/uploads/2018/09/vela.mp4,UFV
Ventilador,https://sistemas.cead.ufv.br/capes/dicionario/wp-content/uploads/2018/04/01508-Ventilador.mp4,UFV
Volante,https://sistemas.cead.ufv.br/capes/dicionario/wp-content/uploads/2018/09/volante-2.mp4,UFV
Xícara,https://sistemas.cead.ufv.br/capes/dicionario/wp-content/uploads/2018/04/01509-Xicara.mp4,UFV
Zíper,https://sistemas.cead.ufv.br/capes/dicionario/wp-content/uploads/2018/05/886-ziper.mp4,UFV
Adulto,https://sistemas.cead.ufv.br/capes/dicionario/wp-content/uploads/2017/11/889-adulto.mp4,UFV
Afilhado,https://sistemas.cead.ufv.br/capes/dicionario/wp-content/uploads/2017/11/1232-afillhado.mp4,UFV
Alguém,https://sistemas.cead.ufv.br/capes/dicionario/wp-content/uploads/2018/01/1358-alguem.mp4,UFV
Alto,https://sistemas.cead.ufv.br/capes/dicionario/wp-content/uploads/2018/09/alto.mp4,UFV
Amante,https://sistemas.cead.ufv.br/capes/dicionario/wp-content/uploads/2018/05/01586-Amante.mp4,UFV
Amigo,https://sistemas.cead.ufv.br/capes/dicionario/wp-content/uploads/2017/11/890-amigo.mp4,UFV
Anão,https://sistemas.cead.ufv.br/capes/dicionario/wp-content/uploads/2018/09/an%C3%A3o.mp4,UFV
Baixo,https://sistemas.cead.ufv.br/capes/dicionario/wp-content/uploads/2018/09/baixo.mp4,UFV
Bebê,https://sistemas.cead.ufv.br/capes/dicionario/wp-content/uploads/2017/12/01603-Beb%C3%AA.mp4,UFV
Bisavó,https://sistemas.cead.ufv.br/capes/dicionario/wp-content/uploads/2017/11/892-bisav%C3%B3.mp4,UFV
Bisavô,https://sistemas.cead.ufv.br/capes/dicionario/wp-content/uploads/2017/11/893-bisav%C3%B4.mp4,UFV
Chato,https://sistemas.cead.ufv.br/capes/dicionario/wp-content/uploads/2018/09/chato.mp4,UFV
Criança,https://sistemas.cead.ufv.br/capes/dicionario/wp-content/uploads/2017/11/894-crian%C3%A7a.mp4,UFV
Cunhada,https://sistemas.cead.ufv.br/capes/dicionario/wp-content/uploads/2017/11/895-cunhada.mp4,UFV
Cunhado,https://sistemas.cead.ufv.br/capes/dicionario/wp-content/uploads/2017/11/896-cunhado.mp4,UFV
Esposa,https://sistemas.cead.ufv.br/capes/dicionario/wp-content/uploads/2017/11/897-esposa.mp4,UFV
Família,https://sistemas.cead.ufv.br/capes/dicionario/wp-content/uploads/2017/11/898-familia.mp4,UFV
Feio,https://sistemas.cead.ufv.br/capes/dicionario/wp-content/uploads/2018/09/feio.mp4,UFV
Filha,https://sistemas.cead.ufv.br/capes/dicionario/wp-content/uploads/2017/11/899-filha.mp4,UFV
Filho,https://sistemas.cead.ufv.br/capes/dicionario/wp-content/uploads/2017/11/900-filho.mp4,UFV
Filho Adotivo,https://sistemas.cead.ufv.br/capes/dicionario/wp-content/uploads/2017/11/901-filhoadotivo.mp4,UFV
Gêmeos,https://sistemas.cead.ufv.br/capes/dicionario/wp-content/uploads/2017/11/903-gemeos.mp4,UFV
Genro,https://sistemas.cead.ufv.br/capes/dicionario/wp-content/uploads/2017/11/904-genro.mp4,UFV
Homem,https://sistemas.cead.ufv.br/capes/dicionario/wp-content/uploads/2017/11/905-homem.mp4,UFV
Irmã,https://sistemas.cead.ufv.br/capes/dicionario/wp-content/uploads/2017/11/906-irm%C3%A3.mp4,UFV
Irmão,https://sistemas.cead.ufv.br/capes/dicionario/wp-content/uploads/2017/11/907-irm%C3%A3o.mp4,UFV
Jovem,https://sistemas.cead.ufv.br/capes/dicionario/wp-content/uploads/2017/11/908-jovem.mp4,UFV
Madrasta,https://sistemas.cead.ufv.br/capes/dicionario/wp-content/uploads/2017/11/909-madrasta.mp4,UFV
Madrinha,https://sistemas.cead.ufv.br/capes/dicionario/wp-content/uploads/2017/11/910-madrinha.mp4,UFV
Mãe,https://sistemas.cead.ufv.br/capes/dicionario/wp-content/uploads/2017/11/911-m%C3%A3e.mp4,UFV
Marido,https://sistemas.cead.ufv.br/capes/dicionario/wp-content/uploads/2017/11/912-marido.mp4,UFV
Menina,https://sistemas.cead.ufv.br/capes/dicionario/wp-content/uploads/2017/11/913-menina.mp4,UFV
Menino,https://sistemas.cead.ufv.br/capes/dicionario/wp-content/uploads/2017/11/914-menino.mp4,UFV
Mulher,https://sistemas.cead.ufv.br/capes/dicionario/wp-content/uploads/2017/11/915-mulher.mp4,UFV
Namorada,https://sistemas.cead.ufv.br/capes/dicionario/wp-content/uploads/2017/11/916-namorada.mp4,UFV
Namorado,https://sistemas.cead.ufv.br/capes/dicionario/wp-content/uploads/2017/11/917-namorado.mp4,UFV
Neto,https://sistemas.cead.ufv.br/capes/dicionario/wp-content/uploads/2017/11/918-neto.mp4,UFV
Noiva,https://sistemas.cead.ufv.br/capes/dicionario/wp-content/uploads/2017/11/919-noiva.mp4,UFV
Noivo,https://sistemas.cead.ufv.br/capes/dicionario/wp-content/uploads/2017/11/920-noivo.mp4,UFV
Nora,https://sistemas.cead.ufv.br/capes/dicionario/wp-content/uploads/2017/11/921-nora.mp4,UFV
Padrasto,https://sistemas.cead.ufv.br/capes/dicionario/wp-content/uploads/2017/11/922-padrasto.mp4,UFV
Padrinho,https://sistemas.cead.ufv.br/capes/dicionario/wp-content/uploads/2017/11/923-padrinho.mp4,UFV
Pai,https://sistemas.cead.ufv.br/capes/dicionario/wp-content/uploads/2017/11/924-pai.mp4,UFV
Pessoa,https://sistemas.cead.ufv.br/capes/dicionario/wp-content/uploads/2018/01/1363-pessoa.mp4,UFV
Prima,https://sistemas.cead.ufv.br/capes/dicionario/wp-content/uploads/2017/11/925-prima.mp4,UFV
Primo,https://sistemas.cead.ufv.br/capes/dicionario/wp-content/uploads/2017/11/926-primo.mp4,UFV
Sobrinha,https://sistemas.cead.ufv.br/capes/dicionario/wp-content/uploads/2017/11/927-sobrinha.mp4,UFV
Sobrinho,https://sistemas.cead.ufv.br/capes/dicionario/wp-content/uploads/2017/11/928-sobrinho.mp4,UFV
Sogra,https://sistemas.cead.ufv.br/capes/dicionario/wp-content/uploads/2017/11/929-sogra.mp4,UFV
Sogro,https://sistemas.cead.ufv.br/capes/dicionario/wp-content/uploads/2017/11/930-sogro.mp4,UFV
Solteiro,https://sistemas.cead.ufv.br/capes/dicionario/wp-content/uploads/2017/11/931-solteiro.mp4,UFV
Tia,https://sistemas.cead.ufv.br/capes/dicionario/wp-content/uploads/2017/11/00933-tia.mp4,UFV
Tio,https://sistemas.cead.ufv.br/capes/dicionario/wp-content/uploads/2017/11/00934-tio.mp4,UFV
Vizinho,https://sistemas.cead.ufv.br/capes/dicionario/wp-content/uploads/2017/11/00935-vizinho.mp4,UFV
Advogado,https://sistemas.cead.ufv.br/capes/dicionario/wp-content/uploads/2018/01/1399-advogado.mp4,UFV
Arquiteto,https://sistemas.cead.ufv.br/capes/dicionario/wp-content/uploads/2018/01/1402-arquiteto.mp4,UFV
Bailarina,https://sistemas.cead.ufv.br/capes/dicionario/wp-content/uploads/2018/01/1403-bailarina.mp4,UFV
Bancário,https://sistemas.cead.ufv.br/capes/dicionario/wp-content/uploads/2018/01/1404-bancario.mp4,UFV
Bombeiro,https://sistemas.cead.ufv.br/capes/dicionario/wp-content/uploads/2018/01/01405-Bombeiro.mp4,UFV
Cabeleireiro,https://sistemas.cead.ufv.br/capes/dicionario/wp-content/uploads/2018/01/01406-Cabelereiro.mp4,UFV
Caçador,https://sistemas.cead.ufv.br/capes/dicionario/wp-content/uploads/2018/09/ca%C3%A7ador.mp4,UFV
Cozinheiro,https://sistemas.cead.ufv.br/capes/dicionario/wp-content/uploads/2018/01/01409-Cozinheiro.mp4,UFV
Eletricista,https://sistemas.cead.ufv.br/capes/dicionario/wp-content/uploads/2018/01/01411-Eletricista.mp4,UFV
Empregada Doméstica,https://sistemas.cead.ufv.br/capes/dicionario/wp-content/uploads/2018/01/01412-Empregada-Dom%C3%A9stica.mp4,UFV
Enfermeiro,https://sistemas.cead.ufv.br/capes/dicionario/wp-content/uploads/2018/01/01413-Enfermeiro.mp4,UFV
Engenheiro,https://sistemas.cead.ufv.br/capes/dicionario/wp-content/uploads/2018/01/01414-Engenheiro.mp4,UFV
Farmacêutico,https://sistemas.cead.ufv.br/capes/dicionario/wp-content/uploads/2018/01/01415-Farmaceutico.mp4,UFV
Faxineiro,https://sistemas.cead.ufv.br/capes/dicionario/wp-content/uploads/2018/01/01416-Faxineiro.mp4,UFV
Fisioterapia,https://sistemas.cead.ufv.br/capes/dicionario/wp-content/uploads/2018/01/01417-Fisioterapia.mp4,UFV
Fonoaudiólogo,https://sistemas.cead.ufv.br/capes/dicionario/wp-content/uploads/2018/01/01418-Fonoaudiologo.mp4,UFV
Hora Extra,https://sistemas.cead.ufv.br/capes/dicionario/wp-content/uploads/2017/11/1187-horaextra.mp4,UFV
Juiz,https://sistemas.cead.ufv.br/capes/dicionario/wp-content/uploads/2018/01/01422-Juiz.mp4,UFV
Mecânico,https://sistemas.cead.ufv.br/capes/dicionario/wp-content/uploads/2018/01/01423-Mecanico.mp4,UFV
Motorista,https://sistemas.cead.ufv.br/capes/dicionario/wp-content/uploads/2018/01/01425-Motorista.mp4,UFV
Padeiro,https://sistemas.cead.ufv.br/capes/dicionario/wp-content/uploads/2018/01/01426-Padeiro.mp4,UFV
Palhaço,https://sistemas.cead.ufv.br/capes/dicionario/wp-content/uploads/2018/01/01427-Palha%C3%A7o.mp4,UFV
Pintor,https://sistemas.cead.ufv.br/capes/dicionario/wp-content/uploads/2018/01/01428-Pintor.mp4,UFV
Policial,https://sistemas.cead.ufv.br/capes/dicionario/wp-content/uploads/2018/01/01429-Policial.mp4,UFV
Prefeito,https://sistemas.cead.ufv.br/capes/dicionario/wp-content/uploads/2018/01/01431-Prefeito.mp4,UFV
Presidente,https://sistemas.cead.ufv.br/capes/dicionario/wp-content/uploads/2018/01/01432-Presidente.mp4,UFV
Professor,https://sistemas.cead.ufv.br/capes/dicionario/wp-content/uploads/2018/01/01433-Professor.mp4,UFV
Psiquiatra,https://sistemas.cead.ufv.br/capes/dicionario/wp-content/uploads/2018/01/01436-Psiquiatra.mp4,UFV
Secretário,https://sistemas.cead.ufv.br/capes/dicionario/wp-content/uploads/2018/01/01439-Secretario.mp4,UFV
Senador,https://sistemas.cead.ufv.br/capes/dicionario/wp-content/uploads/2018/01/01440-Senador.mp4,UFV
Vendedor,https://sistemas.cead.ufv.br/capes/dicionario/wp-content/uploads/2018/01/01442-Vendedor.mp4,UFV
Vereador,https://sistemas.cead.ufv.br/capes/dicionario/wp-content/uploads/2018/01/01437-Vereador.mp4,UFV
Acidente de carro,https://sistemas.cead.ufv.br/capes/dicionario/wp-content/uploads/2017/11/1224-acidentedecarro.mp4,UFV
Alerta,https://sistemas.cead.ufv.br/capes/dicionario/wp-content/uploads/2018/05/01581-Alerta.mp4,UFV
Algum,https://sistemas.cead.ufv.br/capes/dicionario/wp-content/uploads/2018/01/1359-algum.mp4,UFV
Aliviado,https://sistemas.cead.ufv.br/capes/dicionario/wp-content/uploads/2018/05/01582-Aliviado.mp4,UFV
Alma,https://sistemas.cead.ufv.br/capes/dicionario/wp-content/uploads/2018/05/01801-alma.mp4,UFV
Altar,https://sistemas.cead.ufv.br/capes/dicionario/wp-content/uploads/2018/01/1355-altar.mp4,UFV
Altura,https://sistemas.cead.ufv.br/capes/dicionario/wp-content/uploads/2018/05/01803-altura.mp4,UFV
Aposentado,https://sistemas.cead.ufv.br/capes/dicionario/wp-content/uploads/2018/05/681-aposentado.mp4,UFV
Assembléia,https://sistemas.cead.ufv.br/capes/dicionario/wp-content/uploads/2017/11/1225-assembleia.mp4,UFV
Ausente,https://sistemas.cead.ufv.br/capes/dicionario/wp-content/uploads/2018/09/ausente.mp4,UFV
Bagunça,https://sistemas.cead.ufv.br/capes/dicionario/wp-content/uploads/2018/09/bagun%C3%A7a.mp4,UFV
Barulho,https://sistemas.cead.ufv.br/capes/dicionario/wp-content/uploads/2018/09/baruho.mp4,UFV
Beleza,https://sistemas.cead.ufv.br/capes/dicionario/wp-content/uploads/2018/09/beleza.mp4,UFV
Coisa,https://sistemas.cead.ufv.br/capes/dicionario/wp-content/uploads/2018/09/coisa.mp4,UFV
Comunidade,https://sistemas.cead.ufv.br/capes/dicionario/wp-content/uploads/2018/01/01469-Comunidade.mp4,UFV
Congresso,https://sistemas.cead.ufv.br/capes/dicionario/wp-content/uploads/2017/11/456-congresso.mp4,UFV
Curto,https://sistemas.cead.ufv.br/capes/dicionario/wp-content/uploads/2018/09/curto.mp4,UFV
Dentro,https://sistemas.cead.ufv.br/capes/dicionario/wp-content/uploads/2018/09/dentro.mp4,UFV
Duro,https://sistemas.cead.ufv.br/capes/dicionario/wp-content/uploads/2018/09/duro.mp4,UFV
Eleição,https://sistemas.cead.ufv.br/capes/dicionario/wp-content/uploads/2017/11/457-eleicao.mp4,UFV
Errado,https://sistemas.cead.ufv.br/capes/dicionario/wp-content/uploads/2018/09/enxada.mp4,UFV
Espaço,https://sistemas.cead.ufv.br/capes/dicionario/wp-content/uploads/2018/09/espa%C3%A7o.mp4,UFV
Espaçoso,https://sistemas.cead.ufv.br/capes/dicionario/wp-content/uploads/2018/09/espa%C3%A7oso.mp4,UFV
Estreito,https://sistemas.cead.ufv.br/capes/dicionario/wp-content/uploads/2018/09/estreito.mp4,UFV
Fino,https://sistemas.cead.ufv.br/capes/dicionario/wp-content/uploads/2018/09/fino.mp4,UFV
Formatura,https://sistemas.cead.ufv.br/capes/dicionario/wp-content/uploads/2017/11/461-formatura.mp4,UFV
Greve,https://sistemas.cead.ufv.br/capes/dicionario/wp-content/uploads/2017/11/462-greve.mp4,UFV
Grupo,https://sistemas.cead.ufv.br/capes/dicionario/wp-content/uploads/2018/01/1360-grupo.mp4,UFV
Guerra,https://sistemas.cead.ufv.br/capes/dicionario/wp-content/uploads/2017/11/463-guerra.mp4,UFV
História,https://sistemas.cead.ufv.br/capes/dicionario/wp-content/uploads/2017/11/1229-historia.mp4,UFV
Homicídio,https://sistemas.cead.ufv.br/capes/dicionario/wp-content/uploads/2017/11/1230-homicidio.mp4,UFV
Indivíduo,https://sistemas.cead.ufv.br/capes/dicionario/wp-content/uploads/2018/01/1361-individuo.mp4,UFV
Leilão,https://sistemas.cead.ufv.br/capes/dicionario/wp-content/uploads/2017/11/466-leilao.mp4,UFV
Multidão,https://sistemas.cead.ufv.br/capes/dicionario/wp-content/uploads/2018/01/1362-multidao.mp4,UFV
Olimpíadas,https://sistemas.cead.ufv.br/capes/dicionario/wp-content/uploads/2017/10/473-olimpiadas.mp4,UFV
Palestra,https://sistemas.cead.ufv.br/capes/dicionario/wp-content/uploads/2017/11/474-palestra.mp4,UFV
Piada,https://sistemas.cead.ufv.br/capes/dicionario/wp-content/uploads/2017/10/01145-piada.mp4,UFV
Política,https://sistemas.cead.ufv.br/capes/dicionario/wp-content/uploads/2018/01/01430-Politica.mp4,UFV
Povo,https://sistemas.cead.ufv.br/capes/dicionario/wp-content/uploads/2018/01/1364-povo.mp4,UFV
Reunião,https://sistemas.cead.ufv.br/capes/dicionario/wp-content/uploads/2018/01/1365-reuniao.mp4,UFV
Social,https://sistemas.cead.ufv.br/capes/dicionario/wp-content/uploads/2018/01/1366-social.mp4,UFV
Sossego,https://sistemas.cead.ufv.br/capes/dicionario/wp-content/uploads/2018/09/sossego.mp4,UFV
Tatuagem,https://sistemas.cead.ufv.br/capes/dicionario/wp-content/uploads/2017/12/643-tatuagem.mp4,UFV
Tombo,https://sistemas.cead.ufv.br/capes/dicionario/wp-content/uploads/2018/09/tombo.mp4,UFV
Tudo,https://sistemas.cead.ufv.br/capes/dicionario/wp-content/uploads/2018/09/tudo.mp4,UFV
Zumbi,https://sistemas.cead.ufv.br/capes/dicionario/wp-content/uploads/2018/09/zumbi.mp4,UFV
Abril,https://sistemas.cead.ufv.br/capes/dicionario/wp-content/uploads/2018/04/01510-Abril-mes.mp4,UFV
Agosto,https://sistemas.cead.ufv.br/capes/dicionario/wp-content/uploads/2018/04/01511-Agosto.mp4,UFV
Ainda,https://sistemas.cead.ufv.br/capes/dicionario/wp-content/uploads/2018/05/01578-Ainda.mp4,UFV
Ainda não,https://sistemas.cead.ufv.br/capes/dicionario/wp-content/uploads/2018/01/1337-aindan%C3%A3o.mp4,UFV
Amanhã,https://sistemas.cead.ufv.br/capes/dicionario/wp-content/uploads/2018/04/742-amanha.mp4,UFV
Ano,https://sistemas.cead.ufv.br/capes/dicionario/wp-content/uploads/2018/04/01512-Ano.mp4,UFV
Antes,https://sistemas.cead.ufv.br/capes/dicionario/wp-content/uploads/2018/04/01513-Antes.mp4,UFV
Calendário,https://sistemas.cead.ufv.br/capes/dicionario/wp-content/uploads/2018/04/01514-Calendario.mp4,UFV
Dezembro,https://sistemas.cead.ufv.br/capes/dicionario/wp-content/uploads/2018/04/01515-Dezembro.mp4,UFV
Dia,https://sistemas.cead.ufv.br/capes/dicionario/wp-content/uploads/2018/04/01516-Dia.mp4,UFV
Feriado,https://sistemas.cead.ufv.br/capes/dicionario/wp-content/uploads/2018/04/458-feriado.mp4,UFV
Fevereiro,https://sistemas.cead.ufv.br/capes/dicionario/wp-content/uploads/2018/04/01517-Fevereiro.mp4,UFV
Futuro,https://sistemas.cead.ufv.br/capes/dicionario/wp-content/uploads/2018/04/745-futuro.mp4,UFV
Hoje,https://sistemas.cead.ufv.br/capes/dicionario/wp-content/uploads/2018/04/746-hoje.mp4,UFV
Hora,https://sistemas.cead.ufv.br/capes/dicionario/wp-content/uploads/2018/04/01518-Hora.mp4,UFV
Inverno,https://sistemas.cead.ufv.br/capes/dicionario/wp-content/uploads/2018/04/01520-Inverno.mp4,UFV
Janeiro,https://sistemas.cead.ufv.br/capes/dicionario/wp-content/uploads/2018/04/01521-Janeiro.mp4,UFV
Julho,https://sistemas.cead.ufv.br/capes/dicionario/wp-content/uploads/2018/04/01522-Julho.mp4,UFV
Junho,https://sistemas.cead.ufv.br/capes/dicionario/wp-content/uploads/2018/04/01523-Junho.mp4,UFV
Maio,https://sistemas.cead.ufv.br/capes/dicionario/wp-content/uploads/2018/04/01524-Maio.mp4,UFV
Manhã,https://sistemas.cead.ufv.br/capes/dicionario/wp-content/uploads/2018/04/747-manh%C3%A3.mp4,UFV
Março,https://sistemas.cead.ufv.br/capes/dicionario/wp-content/uploads/2018/04/01526-Mar%C3%A7o.mp4,UFV
Novembro,https://sistemas.cead.ufv.br/capes/dicionario/wp-content/uploads/2018/04/01527-Novembro.mp4,UFV
Ontem,https://sistemas.cead.ufv.br/capes/dicionario/wp-content/uploads/2018/04/01528-Ontem.mp4,UFV
Outono,https://sistemas.cead.ufv.br/capes/dicionario/wp-content/uploads/2018/04/01529-Outono.mp4,UFV
Outubro,https://sistemas.cead.ufv.br/capes/dicionario/wp-content/uploads/2018/04/01530-Outubro.mp4,UFV
Primavera,https://sistemas.cead.ufv.br/capes/dicionario/wp-content/uploads/2018/04/01531-Primavera.mp4,UFV
Quarta-Feira,https://sistemas.cead.ufv.br/capes/dicionario/wp-content/uploads/2018/04/755-quarta.mp4,UFV
Quinta-Feira,https://sistemas.cead.ufv.br/capes/dicionario/wp-content/uploads/2018/04/761-quinta.mp4,UFV
Setembro,https://sistemas.cead.ufv.br/capes/dicionario/wp-content/uploads/2018/04/01533-Setembro.mp4,UFV
Tempo,https://sistemas.cead.ufv.br/capes/dicionario/wp-content/uploads/2018/04/01534-Tempo.mp4,UFV
Verão,https://sistemas.cead.ufv.br/capes/dicionario/wp-content/uploads/2018/04/01535-Ver%C3%A3o.mp4,UFV
Abençoar,https://sistemas.cead.ufv.br/capes/dicionario/wp-content/uploads/2018/04/01551-Aben%C3%A7oar.mp4,UFV
Abraçar,https://sistemas.cead.ufv.br/capes/dicionario/wp-content/uploads/2018/04/01552-Abra%C3%A7ar.mp4,UFV
Abrir,https://sistemas.cead.ufv.br/capes/dicionario/wp-content/uploads/2018/04/01553-Abrir.mp4,UFV
Acalmar,https://sistemas.cead.ufv.br/capes/dicionario/wp-content/uploads/2018/04/01555-Acalmar.mp4,UFV
Achar,https://sistemas.cead.ufv.br/capes/dicionario/wp-content/uploads/2018/04/01556-Achar.mp4,UFV
Acompanhar,https://sistemas.cead.ufv.br/capes/dicionario/wp-content/uploads/2018/04/01558-Acompanhar.mp4,UFV
Acontecer,https://sistemas.cead.ufv.br/capes/dicionario/wp-content/uploads/2018/04/01559-Acontecer.mp4,UFV
Acordar,https://sistemas.cead.ufv.br/capes/dicionario/wp-content/uploads/2018/04/01560-Acordar.mp4,UFV
Acostumado,https://sistemas.cead.ufv.br/capes/dicionario/wp-content/uploads/2018/04/01561-Acostumado.mp4,UFV
Acreditar,https://sistemas.cead.ufv.br/capes/dicionario/wp-content/uploads/2018/04/01562-Acreditar.mp4,UFV
Acrescentar,https://sistemas.cead.ufv.br/capes/dicionario/wp-content/uploads/2018/04/01563-Acrescentar.mp4,UFV
Acumular,https://sistemas.cead.ufv.br/capes/dicionario/wp-content/uploads/2018/04/01564-Acumular.mp4,UFV
Acusar,https://sistemas.cead.ufv.br/capes/dicionario/wp-content/uploads/2018/04/01565-Acusar.mp4,UFV
Adiar,https://sistemas.cead.ufv.br/capes/dicionario/wp-content/uploads/2018/04/01567-Adiar.mp4,UFV
Adivinhar,https://sistemas.cead.ufv.br/capes/dicionario/wp-content/uploads/2018/04/01568-Adivinhar.mp4,UFV
Admirar,https://sistemas.cead.ufv.br/capes/dicionario/wp-content/uploads/2018/04/01569-Adimirar.mp4,UFV
Afastar,https://sistemas.cead.ufv.br/capes/dicionario/wp-content/uploads/2018/04/01572-Afastar.mp4,UFV
Afogar,https://sistemas.cead.ufv.br/capes/dicionario/wp-content/uploads/2018/04/01573-Afogar.mp4,UFV
Afundar,https://sistemas.cead.ufv.br/capes/dicionario/wp-content/uploads/2018/04/01574-Afundar.mp4,UFV
Agarrar,https://sistemas.cead.ufv.br/capes/dicionario/wp-content/uploads/2018/04/01575-Agarrar.mp4,UFV
Agendar,https://sistemas.cead.ufv.br/capes/dicionario/wp-content/uploads/2018/04/01576-Agendar.mp4,UFV
Agradecer,https://sistemas.cead.ufv.br/capes/dicionario/wp-content/uploads/2018/01/1400-agradecer.mp4,UFV
Aguentar,https://sistemas.cead.ufv.br/capes/dicionario/wp-content/uploads/2018/05/01577-Aguentar.mp4,UFV
Ajoelhar,https://sistemas.cead.ufv.br/capes/dicionario/wp-content/uploads/2018/05/01579-Ajoelhar.mp4,UFV
Ajudar,https://sistemas.cead.ufv.br/capes/dicionario/wp-content/uploads/2018/05/709-ajudar.mp4,UFV
Almoçar,https://sistemas.cead.ufv.br/capes/dicionario/wp-content/uploads/2018/05/01583-Almo%C3%A7ar.mp4,UFV
Alugar,https://sistemas.cead.ufv.br/capes/dicionario/wp-content/uploads/2018/05/01584-Alugar.mp4,UFV
Amamentar,https://sistemas.cead.ufv.br/capes/dicionario/wp-content/uploads/2018/05/01585-Amamentar.mp4,UFV
Amar,https://sistemas.cead.ufv.br/capes/dicionario/wp-content/uploads/2018/05/01587-Amor.mp4,UFV
Anotar,https://sistemas.cead.ufv.br/capes/dicionario/wp-content/uploads/2018/05/01588-Anotar.mp4,UFV
Apagar,https://sistemas.cead.ufv.br/capes/dicionario/wp-content/uploads/2018/05/01589-Apagar.mp4,UFV
Aparecer,https://sistemas.cead.ufv.br/capes/dicionario/wp-content/uploads/2018/09/aparecer.mp4,UFV
Apertar,https://sistemas.cead.ufv.br/capes/dicionario/wp-content/uploads/2018/05/01590-Apertar.mp4,UFV
Aprender,https://sistemas.cead.ufv.br/capes/dicionario/wp-content/uploads/2018/05/01591-Aprender.mp4,UFV
Apresentar,https://sistemas.cead.ufv.br/capes/dicionario/wp-content/uploads/2018/05/01592-Apresentar.mp4,UFV
Arrastar,https://sistemas.cead.ufv.br/capes/dicionario/wp-content/uploads/2018/05/01593-Arrastar.mp4,UFV
Arrumar,https://sistemas.cead.ufv.br/capes/dicionario/wp-content/uploads/2018/05/01594-Arrumar.mp4,UFV
Assistir,https://sistemas.cead.ufv.br/capes/dicionario/wp-content/uploads/2018/05/01595-Assistir.mp4,UFV
Assustar,https://sistemas.cead.ufv.br/capes/dicionario/wp-content/uploads/2018/05/01596-Assustar.mp4,UFV
Atrasar,https://sistemas.cead.ufv.br/capes/dicionario/wp-content/uploads/2018/05/01597-Atrasar.mp4,UFV
Aumentar,https://sistemas.cead.ufv.br/capes/dicionario/wp-content/uploads/2018/05/01598-Aumentar.mp4,UFV
Avisar,https://sistemas.cead.ufv.br/capes/dicionario/wp-content/uploads/2018/05/01599-Avisar.mp4,UFV
Bater,https://sistemas.cead.ufv.br/capes/dicionario/wp-content/uploads/2018/05/01601-Bater.mp4,UFV
Batizar,https://sistemas.cead.ufv.br/capes/dicionario/wp-content/uploads/2018/05/01602-Batizar.mp4,UFV
Beijar,https://sistemas.cead.ufv.br/capes/dicionario/wp-content/uploads/2018/05/01604-Beijar.mp4,UFV
Brigar,https://sistemas.cead.ufv.br/capes/dicionario/wp-content/uploads/2018/05/01605-Brigar.mp4,UFV
Brincar,https://sistemas.cead.ufv.br/capes/dicionario/wp-content/uploads/2018/05/01606-Brincar.mp4,UFV
Cair,https://sistemas.cead.ufv.br/capes/dicionario/wp-content/uploads/2018/05/01607-Cair.mp4,UFV
Cansar/Cansado,https://sistemas.cead.ufv.br/capes/dicionario/wp-content/uploads/2018/05/01051-cansado.mp4,UFV
Chamar,https://sistemas.cead.ufv.br/capes/dicionario/wp-content/uploads/2018/05/01609-Chamar.mp4,UFV
Chegar,https://sistemas.cead.ufv.br/capes/dicionario/wp-content/uploads/2018/05/01610-Chegar.mp4,UFV
Chorar,https://sistemas.cead.ufv.br/capes/dicionario/wp-content/uploads/2018/05/01611-Chorar.mp4,UFV
Chutar,https://sistemas.cead.ufv.br/capes/dicionario/wp-content/uploads/2018/05/01612-Chutar.mp4,UFV
Comemorar,https://sistemas.cead.ufv.br/capes/dicionario/wp-content/uploads/2018/05/01613-Comemorar.mp4,UFV
Comer,https://sistemas.cead.ufv.br/capes/dicionario/wp-content/uploads/2018/05/01614-Comer.mp4,UFV
Comparar,https://sistemas.cead.ufv.br/capes/dicionario/wp-content/uploads/2018/05/01615-Comparar.mp4,UFV
Compilar,https://sistemas.cead.ufv.br/capes/dicionario/wp-content/uploads/2018/09/compilar.mp4,UFV
Comprar,https://sistemas.cead.ufv.br/capes/dicionario/wp-content/uploads/2018/05/01616-Comprar.mp4,UFV
Confirmar,https://sistemas.cead.ufv.br/capes/dicionario/wp-content/uploads/2018/09/confirmar.mp4,UFV
Conhecer,https://sistemas.cead.ufv.br/capes/dicionario/wp-content/uploads/2018/05/01617-Conhecer.mp4,UFV
Consertar,https://sistemas.cead.ufv.br/capes/dicionario/wp-content/uploads/2018/05/01618-Consertar.mp4,UFV
Construir,https://sistemas.cead.ufv.br/capes/dicionario/wp-content/uploads/2018/05/01619-Construir.mp4,UFV
Continuar,https://sistemas.cead.ufv.br/capes/dicionario/wp-content/uploads/2018/05/01621-Continuar.mp4,UFV
Conversar,https://sistemas.cead.ufv.br/capes/dicionario/wp-content/uploads/2018/05/01622-Conversar.mp4,UFV
Convidar,https://sistemas.cead.ufv.br/capes/dicionario/wp-content/uploads/2018/05/01623-Convidar.mp4,UFV
Copiar,https://sistemas.cead.ufv.br/capes/dicionario/wp-content/uploads/2018/05/01624-Copiar.mp4,UFV
Corrigir,https://sistemas.cead.ufv.br/capes/dicionario/wp-content/uploads/2018/05/01626-Corrigir.mp4,UFV
Cortar,https://sistemas.cead.ufv.br/capes/dicionario/wp-content/uploads/2018/05/01627-Cortar.mp4,UFV
Crer,https://sistemas.cead.ufv.br/capes/dicionario/wp-content/uploads/2018/05/01628-Crer.mp4,UFV
Crescer,https://sistemas.cead.ufv.br/capes/dicionario/wp-content/uploads/2018/05/01629-Crescer.mp4,UFV
Cuidar,https://sistemas.cead.ufv.br/capes/dicionario/wp-content/uploads/2018/05/01630-Cuidar.mp4,UFV
Dar,https://sistemas.cead.ufv.br/capes/dicionario/wp-content/uploads/2018/05/01631-Dar.mp4,UFV
Decidir,https://sistemas.cead.ufv.br/capes/dicionario/wp-content/uploads/2018/05/01632-Decidir.mp4,UFV
Deitar,https://sistemas.cead.ufv.br/capes/dicionario/wp-content/uploads/2018/05/01633-Deitar.mp4,UFV
Demitir,https://sistemas.cead.ufv.br/capes/dicionario/wp-content/uploads/2018/05/01635-Demitir.mp4,UFV
Demorar,https://sistemas.cead.ufv.br/capes/dicionario/wp-content/uploads/2018/05/01636-Demorar.mp4,UFV
Derreter,https://sistemas.cead.ufv.br/capes/dicionario/wp-content/uploads/2018/05/01637-Derreter.mp4,UFV
Desaparecer,https://sistemas.cead.ufv.br/capes/dicionario/wp-content/uploads/2018/09/desaparecer.mp4,UFV
Descer,https://sistemas.cead.ufv.br/capes/dicionario/wp-content/uploads/2018/05/01639-Descer.mp4,UFV
Desenhar,https://sistemas.cead.ufv.br/capes/dicionario/wp-content/uploads/2018/05/01640-desenhar.mp4,UFV
Desobedecer,https://sistemas.cead.ufv.br/capes/dicionario/wp-content/uploads/2018/05/01641-desobedecer.mp4,UFV
Destruir,https://sistemas.cead.ufv.br/capes/dicionario/wp-content/uploads/2018/05/01642-destruir.mp4,UFV
Devolver,https://sistemas.cead.ufv.br/capes/dicionario/wp-content/uploads/2018/05/01644-devolver.mp4,UFV
Diminuir,https://sistemas.cead.ufv.br/capes/dicionario/wp-content/uploads/2018/09/diminuir.mp4,UFV
Disputar,https://sistemas.cead.ufv.br/capes/dicionario/wp-content/uploads/2018/05/01646-disputar.mp4,UFV
Distrair,https://sistemas.cead.ufv.br/capes/dicionario/wp-content/uploads/2018/05/01648-distrair2.mp4,UFV
Dividir,https://sistemas.cead.ufv.br/capes/dicionario/wp-content/uploads/2018/05/01649-dividir.mp4,UFV
Divorciar,https://sistemas.cead.ufv.br/capes/dicionario/wp-content/uploads/2018/05/01650-divorciar.mp4,UFV
Dormir,https://sistemas.cead.ufv.br/capes/dicionario/wp-content/uploads/2018/05/01651-dormir.mp4,UFV
Duvidar,https://sistemas.cead.ufv.br/capes/dicionario/wp-content/uploads/2018/05/01652-duvidar.mp4,UFV
Economizar,https://sistemas.cead.ufv.br/capes/dicionario/wp-content/uploads/2018/05/01653-economizar.mp4,UFV
Encontrar,https://sistemas.cead.ufv.br/capes/dicionario/wp-content/uploads/2018/05/01654-encontrar.mp4,UFV
Ensinar,https://sistemas.cead.ufv.br/capes/dicionario/wp-content/uploads/2018/05/01655-ensinar.mp4,UFV
Entender,https://sistemas.cead.ufv.br/capes/dicionario/wp-content/uploads/2018/05/01656-entender.mp4,UFV
Enviar,https://sistemas.cead.ufv.br/capes/dicionario/wp-content/uploads/2018/05/01657-enviar.mp4,UFV
Escolher,https://sistemas.cead.ufv.br/capes/dicionario/wp-content/uploads/2018/05/01658-escolher.mp4,UFV
Esconder,https://sistemas.cead.ufv.br/capes/dicionario/wp-content/uploads/2018/05/01659-esconder.mp4,UFV
Escrever,https://sistemas.cead.ufv.br/capes/dicionario/wp-content/uploads/2018/05/01660-escrever.mp4,UFV
Escurecer,https://sistemas.cead.ufv.br/capes/dicionario/wp-content/uploads/2017/12/1314-escurecer.mp4,UFV
Escutar,https://sistemas.cead.ufv.br/capes/dicionario/wp-content/uploads/2018/05/01661-escutar.mp4,UFV
Esperar,https://sistemas.cead.ufv.br/capes/dicionario/wp-content/uploads/2018/05/01662-esperar.mp4,UFV
Esquecer,https://sistemas.cead.ufv.br/capes/dicionario/wp-content/uploads/2018/05/01663-esquecer.mp4,UFV
Estudar,https://sistemas.cead.ufv.br/capes/dicionario/wp-content/uploads/2018/05/01664-estudar.mp4,UFV
Evitar,https://sistemas.cead.ufv.br/capes/dicionario/wp-content/uploads/2018/05/01665-evitar.mp4,UFV
Exagerar,https://sistemas.cead.ufv.br/capes/dicionario/wp-content/uploads/2018/05/01666-exagerar.mp4,UFV
Excluir,https://sistemas.cead.ufv.br/capes/dicionario/wp-content/uploads/2018/09/excluir.mp4,UFV
Experimentar,https://sistemas.cead.ufv.br/capes/dicionario/wp-content/uploads/2018/05/01667-experimentar.mp4,UFV
Expulsar,https://sistemas.cead.ufv.br/capes/dicionario/wp-content/uploads/2018/05/01668-expulsar.mp4,UFV
Falar,https://sistemas.cead.ufv.br/capes/dicionario/wp-content/uploads/2018/05/01669-falar.mp4,UFV
Faltar,https://sistemas.cead.ufv.br/capes/dicionario/wp-content/uploads/2018/05/01670-faltar-coisas.mp4,UFV
Fazer,https://sistemas.cead.ufv.br/capes/dicionario/wp-content/uploads/2018/05/01671-fazer.mp4,UFV
Fechar,https://sistemas.cead.ufv.br/capes/dicionario/wp-content/uploads/2018/05/01672-fechar.mp4,UFV
Ficar,https://sistemas.cead.ufv.br/capes/dicionario/wp-content/uploads/2018/05/01674-ficar-permanecer.mp4,UFV
Fritar,https://sistemas.cead.ufv.br/capes/dicionario/wp-content/uploads/2018/05/01675-fritar.mp4,UFV
Fumar,https://sistemas.cead.ufv.br/capes/dicionario/wp-content/uploads/2018/05/01676-fumar.mp4,UFV
Ganhar,https://sistemas.cead.ufv.br/capes/dicionario/wp-content/uploads/2018/05/01677-ganhar.mp4,UFV
Gostar,https://sistemas.cead.ufv.br/capes/dicionario/wp-content/uploads/2018/05/01678-gostar.mp4,UFV
Gritar,https://sistemas.cead.ufv.br/capes/dicionario/wp-content/uploads/2018/05/01679-gritar.mp4,UFV
Invejar,https://sistemas.cead.ufv.br/capes/dicionario/wp-content/uploads/2018/05/01681-inveja.mp4,UFV
Ir,https://sistemas.cead.ufv.br/capes/dicionario/wp-content/uploads/2018/05/01682-ir.mp4,UFV
Jantar,https://sistemas.cead.ufv.br/capes/dicionario/wp-content/uploads/2018/05/516-Jantar.mp4,UFV
Jogar,https://sistemas.cead.ufv.br/capes/dicionario/wp-content/uploads/2018/05/01683-jogar.mp4,UFV
Jurar,https://sistemas.cead.ufv.br/capes/dicionario/wp-content/uploads/2018/05/01684-jurar.mp4,UFV
Lembrar,https://sistemas.cead.ufv.br/capes/dicionario/wp-content/uploads/2018/05/01687-lembrar.mp4,UFV
Ler,https://sistemas.cead.ufv.br/capes/dicionario/wp-content/uploads/2018/05/01688-ler.mp4,UFV
Ler Lábios,https://sistemas.cead.ufv.br/capes/dicionario/wp-content/uploads/2018/05/01689-ler-l%C3%A1bios.mp4,UFV
Levar,https://sistemas.cead.ufv.br/capes/dicionario/wp-content/uploads/2018/05/01690-levar.mp4,UFV
Limpar,https://sistemas.cead.ufv.br/capes/dicionario/wp-content/uploads/2018/05/01692-limpar.mp4,UFV
Livrar,https://sistemas.cead.ufv.br/capes/dicionario/wp-content/uploads/2018/05/01693-livrar.mp4,UFV
Mandar,https://sistemas.cead.ufv.br/capes/dicionario/wp-content/uploads/2018/05/01695-mandar.mp4,UFV
Matar (faca),https://sistemas.cead.ufv.br/capes/dicionario/wp-content/uploads/2017/11/467-matar.mp4,UFV
Me Avisar,https://sistemas.cead.ufv.br/capes/dicionario/wp-content/uploads/2018/05/01696-me-avisar.mp4,UFV
Medir,https://sistemas.cead.ufv.br/capes/dicionario/wp-content/uploads/2018/05/01697-medir.mp4,UFV
Memorizar,https://sistemas.cead.ufv.br/capes/dicionario/wp-content/uploads/2018/05/01698-memorizar.mp4,UFV
Mendigar,https://sistemas.cead.ufv.br/capes/dicionario/wp-content/uploads/2018/05/01699-mendigar.mp4,UFV
Mentir,https://sistemas.cead.ufv.br/capes/dicionario/wp-content/uploads/2018/05/01700-mentir.mp4,UFV
Misturar,https://sistemas.cead.ufv.br/capes/dicionario/wp-content/uploads/2018/05/01701-misturar.mp4,UFV
Morrer,https://sistemas.cead.ufv.br/capes/dicionario/wp-content/uploads/2018/05/01702-morrer.mp4,UFV
Mostrar,https://sistemas.cead.ufv.br/capes/dicionario/wp-content/uploads/2018/05/01704-mostrar.mp4,UFV
Mudar,https://sistemas.cead.ufv.br/capes/dicionario/wp-content/uploads/2018/05/01705-mudar.mp4,UFV
Nadar,https://sistemas.cead.ufv.br/capes/dicionario/wp-content/uploads/2017/12/00980-nadar.mp4,UFV
Namorar,https://sistemas.cead.ufv.br/capes/dicionario/wp-content/uploads/2018/05/01706-namorar.mp4,UFV
Não Conhecer,https://sistemas.cead.ufv.br/capes/dicionario/wp-content/uploads/2018/05/01707-n%C3%A3o-conhecer.mp4,UFV
Não conseguir,https://sistemas.cead.ufv.br/capes/dicionario/wp-content/uploads/2018/01/1338-naoconsegui.mp4,UFV
Não Entender,https://sistemas.cead.ufv.br/capes/dicionario/wp-content/uploads/2018/05/01708-n%C3%A3o-entender.mp4,UFV
Não gostar,https://sistemas.cead.ufv.br/capes/dicionario/wp-content/uploads/2018/01/1339-naogostar.mp4,UFV
Não Ouvir,https://sistemas.cead.ufv.br/capes/dicionario/wp-content/uploads/2018/05/01709-n%C3%A3o-ouvir.mp4,UFV
Não Poder,https://sistemas.cead.ufv.br/capes/dicionario/wp-content/uploads/2018/05/01710-n%C3%A3o-poder.mp4,UFV
Não prestar,https://sistemas.cead.ufv.br/capes/dicionario/wp-content/uploads/2018/01/1340-naoprestar.mp4,UFV
Não Querer,https://sistemas.cead.ufv.br/capes/dicionario/wp-content/uploads/2018/05/01711-n%C3%A3o-querer.mp4,UFV
Não Saber,https://sistemas.cead.ufv.br/capes/dicionario/wp-content/uploads/2018/05/01712-n%C3%A3o-saber.mp4,UFV
Não Ter,https://sistemas.cead.ufv.br/capes/dicionario/wp-content/uploads/2018/05/01713-n%C3%A3o-ter.mp4,UFV
Nascer,https://sistemas.cead.ufv.br/capes/dicionario/wp-content/uploads/2018/05/470-nascer.mp4,UFV
Obedecer,https://sistemas.cead.ufv.br/capes/dicionario/wp-content/uploads/2018/05/01714-obedecer.mp4,UFV
Observar,https://sistemas.cead.ufv.br/capes/dicionario/wp-content/uploads/2018/05/01715-observar.mp4,UFV
Odiar,https://sistemas.cead.ufv.br/capes/dicionario/wp-content/uploads/2018/05/01716-odiar.mp4,UFV
Ofender,https://sistemas.cead.ufv.br/capes/dicionario/wp-content/uploads/2018/05/01717-ofender.mp4,UFV
Operar,https://sistemas.cead.ufv.br/capes/dicionario/wp-content/uploads/2018/05/01718-operar.mp4,UFV
Ouvir,https://sistemas.cead.ufv.br/capes/dicionario/wp-content/uploads/2018/05/01719-ouvir.mp4,UFV
Pagar,https://sistemas.cead.ufv.br/capes/dicionario/wp-content/uploads/2018/05/01720-pagar.mp4,UFV
Paquerar,https://sistemas.cead.ufv.br/capes/dicionario/wp-content/uploads/2018/05/01721-paquerar.mp4,UFV
Parar,https://sistemas.cead.ufv.br/capes/dicionario/wp-content/uploads/2018/05/01722-parar.mp4,UFV
Parecer,https://sistemas.cead.ufv.br/capes/dicionario/wp-content/uploads/2018/05/01723-parecer.mp4,UFV
Passar Roupa,https://sistemas.cead.ufv.br/capes/dicionario/wp-content/uploads/2018/05/01724-passar.mp4,UFV
Passear,https://sistemas.cead.ufv.br/capes/dicionario/wp-content/uploads/2018/05/01725-passear.mp4,UFV
Pecar,https://sistemas.cead.ufv.br/capes/dicionario/wp-content/uploads/2018/05/01726-pecar.mp4,UFV
Pedir,https://sistemas.cead.ufv.br/capes/dicionario/wp-content/uploads/2018/05/01727-pedir.mp4,UFV
Base,https://sistemas.cead.ufv.br/capes/dicionario/wp-content/uploads/2018/09/base.mp4,UFV
Bermuda,https://sistemas.cead.ufv.br/capes/dicionario/wp-content/uploads/2018/05/01791-bermuda.mp4,UFV
Biquíni,https://sistemas.cead.ufv.br/capes/dicionario/wp-content/uploads/2018/05/882-biquini.mp4,UFV
Blusa,https://sistemas.cead.ufv.br/capes/dicionario/wp-content/uploads/2018/05/846-blusa.mp4,UFV
Boina,https://sistemas.cead.ufv.br/capes/dicionario/wp-content/uploads/2018/05/847-boina.mp4,UFV
Bolsa,https://sistemas.cead.ufv.br/capes/dicionario/wp-content/uploads/2018/05/848-bolsa.mp4,UFV
Bolso,https://sistemas.cead.ufv.br/capes/dicionario/wp-content/uploads/2018/05/849-bolso.mp4,UFV
Boné,https://sistemas.cead.ufv.br/capes/dicionario/wp-content/uploads/2018/05/851-bone.mp4,UFV
Bota,https://sistemas.cead.ufv.br/capes/dicionario/wp-content/uploads/2018/05/850-bota.mp4,UFV
Brinco,https://sistemas.cead.ufv.br/capes/dicionario/wp-content/uploads/2018/05/852-brinco.mp4,UFV
Calça,https://sistemas.cead.ufv.br/capes/dicionario/wp-content/uploads/2018/05/01792-cal%C3%A7a.mp4,UFV
Calcinha,https://sistemas.cead.ufv.br/capes/dicionario/wp-content/uploads/2018/05/853-calcinha.mp4,UFV
Camisa,https://sistemas.cead.ufv.br/capes/dicionario/wp-content/uploads/2018/05/854-camisa.mp4,UFV
Camiseta,https://sistemas.cead.ufv.br/capes/dicionario/wp-content/uploads/2018/05/01797-camiseta.mp4,UFV
Capa de chuva,https://sistemas.cead.ufv.br/capes/dicionario/wp-content/uploads/2018/09/capa-de-chuva.mp4,UFV
Chapéu,https://sistemas.cead.ufv.br/capes/dicionario/wp-content/uploads/2018/05/859-chapeu.mp4,UFV
Chinelo,https://sistemas.cead.ufv.br/capes/dicionario/wp-content/uploads/2018/05/860-chinelo.mp4,UFV
Couro,https://sistemas.cead.ufv.br/capes/dicionario/wp-content/uploads/2017/12/578-Couro.mp4,UFV
Cueca,https://sistemas.cead.ufv.br/capes/dicionario/wp-content/uploads/2018/05/862-cueca.mp4,UFV
Gravata,https://sistemas.cead.ufv.br/capes/dicionario/wp-content/uploads/2018/05/865-gravata.mp4,UFV
Luvas,https://sistemas.cead.ufv.br/capes/dicionario/wp-content/uploads/2018/05/01793-luvas.mp4,UFV
Macacão,https://sistemas.cead.ufv.br/capes/dicionario/wp-content/uploads/2018/05/867-macacao.mp4,UFV
Meia,https://sistemas.cead.ufv.br/capes/dicionario/wp-content/uploads/2018/05/869-meia.mp4,UFV
Meia calça,https://sistemas.cead.ufv.br/capes/dicionario/wp-content/uploads/2018/05/870-meiacal%C3%A7a.mp4,UFV
Paletó,https://sistemas.cead.ufv.br/capes/dicionario/wp-content/uploads/2018/05/01796-palet%C3%B3.mp4,UFV
Pijama,https://sistemas.cead.ufv.br/capes/dicionario/wp-content/uploads/2018/05/871-pijama.mp4,UFV
Saia,https://sistemas.cead.ufv.br/capes/dicionario/wp-content/uploads/2018/05/1870-saia.mp4,UFV
Salto Alto,https://sistemas.cead.ufv.br/capes/dicionario/wp-content/uploads/2018/05/salto-alto.mp4,UFV
Sandália,https://sistemas.cead.ufv.br/capes/dicionario/wp-content/uploads/2018/05/878-sandalia.mp4,UFV
Sapato,https://sistemas.cead.ufv.br/capes/dicionario/wp-content/uploads/2018/05/880-sapato.mp4,UFV
Short,https://sistemas.cead.ufv.br/capes/dicionario/wp-content/uploads/2018/05/1871-short.mp4,UFV
Sunga,https://sistemas.cead.ufv.br/capes/dicionario/wp-content/uploads/2018/05/881-sunga.mp4,UFV
Sutiã,https://sistemas.cead.ufv.br/capes/dicionario/wp-content/uploads/2018/05/845-sutia.mp4,UFV
Toalha,https://sistemas.cead.ufv.br/capes/dicionario/wp-content/uploads/2018/09/toalha.mp4,UFV
Touca,https://sistemas.cead.ufv.br/capes/dicionario/wp-content/uploads/2018/09/touca.mp4,UFV
Vestido,https://sistemas.cead.ufv.br/capes/dicionario/wp-content/uploads/2018/05/885-vestido.mp4,UFV
Vestuário,https://sistemas.cead.ufv.br/capes/dicionario/wp-content/uploads/2018/05/01800-vestu%C3%A1rio.mp4,UFV
